1450501231,325f8cc6-c4ae-42ad-895f-09fd231a8d79,2,7fe40811-7d3b-42b9-83ff-58eee06859d9,purchase
1450501449,253ea62f-0fd2-4b54-bb9b-238df34ff2f5,1,6507f07f-be06-4355-9067-ab7dcba6a895,click
1450501498,296f20ed-7e90-4c47-aed6-ce1a548cfd3a,1,4c553588-16dc-4337-b6d2-af5cbb0bea9b,visit
1450501588,713bcc89-1c7b-4d0e-b2d3-83bdaaf0b99d,1,7c141314-7b8a-48b5-845d-821fcbafed53,visit
1450501644,06d93794-9b36-4e4d-ba01-ac58aa087e02,0,0adb6ada-6978-4d95-801f-b03289a6c12c,purchase
1450501833,12494398-5b16-4971-be26-df6da0d984df,1,0adb6ada-6978-4d95-801f-b03289a6c12c,visit
1450501840,3973cf8f-5273-46e6-b062-84b32a764dd7,1,c51f66c9-9de0-457a-8f5d-4188b48c3e12,purchase
1450501965,235ff966-4e89-47b1-a68e-5838ed583f06,2,7c141314-7b8a-48b5-845d-821fcbafed53,visit
1450501979,931defd3-543d-4e49-9669-29ed9a39014f,0,7fe40811-7d3b-42b9-83ff-58eee06859d9,click
1450502045,fbab3451-0abd-4cb2-9948-a1201b203554,2,426da729-1c9a-4705-ba95-81609304ab50,purchase
1450502050,546018d5-bb30-4363-9888-f45b03168114,0,0adb6ada-6978-4d95-801f-b03289a6c12c,visit
1450502126,512443db-ccd2-446f-968b-8a955a1d948b,0,58f4c3e2-dd3e-4abc-bfe1-967e43a6d84e,purchase
1450502164,52d87012-6b30-4353-ac3a-652b66cb8b7a,2,426da729-1c9a-4705-ba95-81609304ab50,visit
1450502262,02a4e4e0-12bd-43a4-adeb-e241f6b71c61,0,7fe40811-7d3b-42b9-83ff-58eee06859d9,visit
1450502458,7ead11e3-8d1e-4954-a51c-223cf480f054,0,c51f66c9-9de0-457a-8f5d-4188b48c3e12,purchase
1450502558,bb190b31-ca93-42ee-a3d2-3958c50f5576,2,7fe40811-7d3b-42b9-83ff-58eee06859d9,visit
1450502729,7a983a04-7345-4eb3-a08d-48438a209df8,1,426da729-1c9a-4705-ba95-81609304ab50,visit
1450502763,e11fd274-8d33-4c5b-81b9-8864882fdf2d,1,c51f66c9-9de0-457a-8f5d-4188b48c3e12,purchase
1450502866,b93422cf-abc5-4509-b768-b02ca5c1dcc1,0,0adb6ada-6978-4d95-801f-b03289a6c12c,purchase
1450502954,a166a791-7df2-469f-979e-93871970fd51,1,426da729-1c9a-4705-ba95-81609304ab50,visit
1450503033,fdb743d6-13bc-47d5-9b90-80fb13f7216e,0,4c553588-16dc-4337-b6d2-af5cbb0bea9b,purchase
1450503060,46f3bb3f-9410-4431-923d-70788f2fa493,0,7c141314-7b8a-48b5-845d-821fcbafed53,click
1450503185,fc6a428a-7119-44c9-baf1-cd7b39b40e38,1,0adb6ada-6978-4d95-801f-b03289a6c12c,click
1450503274,c8396603-ba28-47a2-9b7e-391f66dfbf32,0,6507f07f-be06-4355-9067-ab7dcba6a895,visit
1450503323,a7ac1488-8d88-443d-b00d-35406a54e381,0,a4bc67e6-9c4a-4e55-9d76-c3a19bcc225e,visit
1450503323,0618862a-3395-4aff-89fc-5e602cc7828a,2,9e577b56-47a2-4d6b-9754-baadb0472b79,visit
1450503494,ff6bbdaf-e4d2-429b-8810-66f803012ec4,2,426da729-1c9a-4705-ba95-81609304ab50,visit
1450503502,31726fa4-be9e-48be-b426-606eb81881da,0,9e577b56-47a2-4d6b-9754-baadb0472b79,click
1450503505,9583bf9b-d4e9-4194-915e-3c270ff53ba1,2,7c141314-7b8a-48b5-845d-821fcbafed53,visit
1450503787,53a79f86-98a2-4909-af43-0401ea2cdc7a,2,7fe40811-7d3b-42b9-83ff-58eee06859d9,purchase
1450503804,9841475a-b355-4ce9-8524-206229b77c48,2,7fe40811-7d3b-42b9-83ff-58eee06859d9,click
1450503985,21f8d7c4-55ba-409d-be21-1f3e199e3edb,2,c51f66c9-9de0-457a-8f5d-4188b48c3e12,click
1450504139,847c9086-f455-4d97-86a2-3c4c25c3b096,0,9e577b56-47a2-4d6b-9754-baadb0472b79,visit
1450504232,be37fec7-1f9a-41db-bcfa-569d7910c31f,2,0adb6ada-6978-4d95-801f-b03289a6c12c,click
1450504241,9e6f5801-d596-4cba-8950-5ffb9ef77ee5,1,c51f66c9-9de0-457a-8f5d-4188b48c3e12,purchase
1450504325,a258f6ed-8d81-465f-a028-f4e7f0881bad,1,7c141314-7b8a-48b5-845d-821fcbafed53,purchase
1450504444,13c503ca-119e-4126-a044-3ab09ae9aa34,2,a4bc67e6-9c4a-4e55-9d76-c3a19bcc225e,click
1450504518,27b6e692-e60a-442f-b2d7-7afe6f57eae1,2,0adb6ada-6978-4d95-801f-b03289a6c12c,purchase
1450504631,5cbc2f65-8b55-4db5-92ac-4e4cb1a1d249,2,9e577b56-47a2-4d6b-9754-baadb0472b79,click
1450504847,4ea1933d-92c9-41af-bb68-180543faf00b,0,7c141314-7b8a-48b5-845d-821fcbafed53,click
1450504944,5d25af2b-5a2a-4344-a62c-be1daf423895,0,0adb6ada-6978-4d95-801f-b03289a6c12c,visit
1450505105,b6458560-75d2-43da-9bdb-8dd6469a5e82,0,4c553588-16dc-4337-b6d2-af5cbb0bea9b,click
1450505230,c811c2c4-e3b7-472c-9d07-e47cad2df417,0,a4bc67e6-9c4a-4e55-9d76-c3a19bcc225e,click
1450505253,99a96397-972b-4e25-990a-8db8230d5bba,2,7c141314-7b8a-48b5-845d-821fcbafed53,visit
1450505301,d79fbe33-ea94-4d38-bebc-05bbb9b770a3,0,c51f66c9-9de0-457a-8f5d-4188b48c3e12,visit
1450505347,b6ef35b0-459e-4df7-b582-9026528b2c76,2,4c553588-16dc-4337-b6d2-af5cbb0bea9b,click
1450505441,a3cca62c-3506-452d-8188-03b0d4a5dd52,0,7fe40811-7d3b-42b9-83ff-58eee06859d9,visit
1450505535,63a739d4-b866-451e-a55a-f65c9f576b3a,1,4c553588-16dc-4337-b6d2-af5cbb0bea9b,visit
1450505535,32f0c597-0175-48e3-9a11-293c7df7e0a4,2,4c553588-16dc-4337-b6d2-af5cbb0bea9b,click
1450505699,b8e9684b-267d-4c12-9c20-1a5f1e84bfb8,0,7fe40811-7d3b-42b9-83ff-58eee06859d9,click
1450505861,8b502554-2bbf-4e0b-adf4-703dad434093,2,7c141314-7b8a-48b5-845d-821fcbafed53,purchase
1450506017,e6ea7d5d-0871-4e8d-a4d7-6b5464057450,1,58f4c3e2-dd3e-4abc-bfe1-967e43a6d84e,visit
1450506101,e169a7ca-a21a-4986-a526-f5e97713a3e1,0,a4bc67e6-9c4a-4e55-9d76-c3a19bcc225e,visit
1450506165,56109379-5024-4739-ab3d-20ca13ff667d,0,7c141314-7b8a-48b5-845d-821fcbafed53,visit
1450506187,343f3f2d-2f96-4d76-b89a-44bedd2d0634,2,a4bc67e6-9c4a-4e55-9d76-c3a19bcc225e,click
1450506200,a9bdeba3-85fd-440f-a40f-9ff093bbfcae,2,9e577b56-47a2-4d6b-9754-baadb0472b79,visit
1450506241,7fbcd8a2-003c-4b9b-bc47-bf0c94f304ab,0,4c553588-16dc-4337-b6d2-af5cbb0bea9b,visit
1450506260,fe08cd06-57a6-4d3f-9109-5278dbe2c934,2,6507f07f-be06-4355-9067-ab7dcba6a895,visit
1450506483,f8b5e5ee-70b6-4f99-a9b8-ddfb45699aa5,2,0adb6ada-6978-4d95-801f-b03289a6c12c,visit
1450506585,654cb541-8a9f-4f3a-9a4d-2d0f6c78590d,0,6507f07f-be06-4355-9067-ab7dcba6a895,click
1450506656,f002c484-3ba9-448b-9e25-4b637c67a285,2,6507f07f-be06-4355-9067-ab7dcba6a895,purchase
1450506660,038adb03-ee1c-4b5b-bf6b-1ad236289955,1,0adb6ada-6978-4d95-801f-b03289a6c12c,visit
1450506700,68e28cb2-ee38-4d5e-895f-d11f2b78fb9c,2,a4bc67e6-9c4a-4e55-9d76-c3a19bcc225e,visit
1450506757,accf81de-5b3b-4b10-a938-36706fd8a742,0,426da729-1c9a-4705-ba95-81609304ab50,click
1450506781,b4935c24-0ab1-4c78-a1d8-47372ffa9832,0,9e577b56-47a2-4d6b-9754-baadb0472b79,purchase
1450507124,57b19f96-3f83-4ee5-a1b3-7e1fa1fbe3c9,2,7c141314-7b8a-48b5-845d-821fcbafed53,purchase
1450507171,82cd172a-5d2b-4bea-b71a-574df7459f2b,0,a4bc67e6-9c4a-4e55-9d76-c3a19bcc225e,visit
1450507234,14fac279-4c9e-421d-a97f-9eb056ca63ec,1,c51f66c9-9de0-457a-8f5d-4188b48c3e12,visit
1450507459,9974afc0-165c-4eaf-96a6-9e95e0dcf5be,1,4c553588-16dc-4337-b6d2-af5cbb0bea9b,visit
1450507675,5861de9a-66da-48c8-b4a2-a1d26a38fb71,2,c51f66c9-9de0-457a-8f5d-4188b48c3e12,visit
1450507690,6ee41634-34bb-4db8-949d-b8a6bbefb582,0,426da729-1c9a-4705-ba95-81609304ab50,click
1450507876,fb3ec139-0193-434d-973a-d9e1678e9f9f,1,58f4c3e2-dd3e-4abc-bfe1-967e43a6d84e,visit
1450507939,db2dd9f9-8581-4680-8670-8970d14c22fe,0,7c141314-7b8a-48b5-845d-821fcbafed53,visit
1450507991,808ef59c-e304-45ce-a4c8-f4a797884f49,0,9e577b56-47a2-4d6b-9754-baadb0472b79,click
1450508026,36ebc2a7-af78-43dd-bbea-6f36f0104622,0,426da729-1c9a-4705-ba95-81609304ab50,purchase
1450508103,1df11bae-1cca-4037-bb48-2ed6e625f92a,0,6507f07f-be06-4355-9067-ab7dcba6a895,visit
1450508105,fecce3b7-2438-47f8-82c1-7ebdb3dc07cc,2,4c553588-16dc-4337-b6d2-af5cbb0bea9b,click
1450508161,5c94c8ea-7aff-4bb7-9c17-0c777017f1de,0,426da729-1c9a-4705-ba95-81609304ab50,purchase
1450508277,d6742f0e-ca2b-4ab7-8ab4-2b3b561a0d94,2,426da729-1c9a-4705-ba95-81609304ab50,visit
1450508361,630e51ea-5ba2-4601-b8b3-a2ca1bee772c,2,426da729-1c9a-4705-ba95-81609304ab50,visit
1450508501,c0d0f952-0ff0-4eba-893e-c07e60e650bf,0,7c141314-7b8a-48b5-845d-821fcbafed53,purchase
1450508508,e75053dd-28f9-4bc9-9ca4-7c1668f71352,2,58f4c3e2-dd3e-4abc-bfe1-967e43a6d84e,click
1450508542,a0788542-7003-4a10-bf3f-4fa494809fe8,2,c51f66c9-9de0-457a-8f5d-4188b48c3e12,visit
1450508659,6656c715-0a91-486b-9dd4-394fcb2c3625,1,7c141314-7b8a-48b5-845d-821fcbafed53,visit
1450508697,88eb022b-face-47eb-9602-538553efebc9,2,9e577b56-47a2-4d6b-9754-baadb0472b79,visit
1450508901,201a366a-d951-4723-9a5e-4963d3d2806e,1,6507f07f-be06-4355-9067-ab7dcba6a895,click
1450509055,1457b8e5-1a22-4d2c-92c8-941487fa2b82,1,6507f07f-be06-4355-9067-ab7dcba6a895,purchase
1450509076,3231c0d4-1195-43f5-8c19-be94823530a6,2,7fe40811-7d3b-42b9-83ff-58eee06859d9,click
1450509122,cfe569fe-c961-4ec7-87b4-d059153043c4,2,9e577b56-47a2-4d6b-9754-baadb0472b79,purchase
1450509159,97f1ccf4-f1ab-4990-add0-e5ac89626cf1,0,58f4c3e2-dd3e-4abc-bfe1-967e43a6d84e,visit
1450509226,1a4a8f58-2628-4fe2-aba8-8e33e93a7420,0,0adb6ada-6978-4d95-801f-b03289a6c12c,click
1450509238,7fc1bdee-c866-4c53-99a4-dac6f8a1754e,1,0adb6ada-6978-4d95-801f-b03289a6c12c,visit
1450509423,56107d8d-025e-4a01-9210-d275bcee68db,2,6507f07f-be06-4355-9067-ab7dcba6a895,purchase
1450509453,1afb8b3e-7a8e-4a39-8907-436409399abe,2,7fe40811-7d3b-42b9-83ff-58eee06859d9,purchase
1450509458,ca956c5b-ab6e-4418-a6fd-355a1adc0351,2,a4bc67e6-9c4a-4e55-9d76-c3a19bcc225e,purchase
1450509578,c9582bad-5f10-4653-a78d-8b261dc1aa94,2,0adb6ada-6978-4d95-801f-b03289a6c12c,purchase
1450509770,a8d7e993-3699-4b33-8e50-5019292db0a0,2,7fe40811-7d3b-42b9-83ff-58eee06859d9,visit
1450509805,a3b98fad-e4a0-4dcd-922f-576a4663cf48,1,7fe40811-7d3b-42b9-83ff-58eee06859d9,visit
1450509849,4090fa1f-49ab-497b-8d30-ca52c5d56410,1,0adb6ada-6978-4d95-801f-b03289a6c12c,visit
1450509932,5808d961-606a-47ce-82d5-f2d645e72aee,0,4c553588-16dc-4337-b6d2-af5cbb0bea9b,purchase
1450509971,f979ca30-dabb-4930-825b-07b404616979,2,6507f07f-be06-4355-9067-ab7dcba6a895,click
1450510185,fee76cd0-8cc9-450e-8cf5-f03cf9a8d5f2,2,426da729-1c9a-4705-ba95-81609304ab50,visit
1450510307,7837a3e1-a8d2-4f8d-af3c-459edbc5eaf3,1,426da729-1c9a-4705-ba95-81609304ab50,click
1450510334,6bbf8e28-b80d-41ab-bd5d-24d84a70b51a,2,4c553588-16dc-4337-b6d2-af5cbb0bea9b,purchase
1450510522,809353c6-f6de-4769-bee0-52259960dfe7,2,7fe40811-7d3b-42b9-83ff-58eee06859d9,visit
1450510577,90ff6eeb-1d19-4dcd-b84c-6d5cd812af79,1,426da729-1c9a-4705-ba95-81609304ab50,click
1450510602,5aec5c4a-a394-460a-906e-709a1358f80a,0,9e577b56-47a2-4d6b-9754-baadb0472b79,purchase
1450510655,d4095c65-3eaa-48c0-a413-8d8607f0b215,0,0adb6ada-6978-4d95-801f-b03289a6c12c,purchase
1450510704,1459d11e-48b3-4850-9d81-127c5c3eb107,0,4c553588-16dc-4337-b6d2-af5cbb0bea9b,purchase
1450510744,c012a3c2-91d4-40e2-9451-58c69a30d2b0,2,a4bc67e6-9c4a-4e55-9d76-c3a19bcc225e,visit
1450510812,89a53e18-1b0f-4c93-b379-4a1969a78746,1,0adb6ada-6978-4d95-801f-b03289a6c12c,purchase
1450510820,c8bcfd10-8850-4f4a-8292-ff94b2849b97,2,6507f07f-be06-4355-9067-ab7dcba6a895,purchase
1450510869,fe8d1793-207e-4327-ae29-048f708df6e7,2,7c141314-7b8a-48b5-845d-821fcbafed53,visit
1450510961,5b360e29-5739-43ff-8dd4-e3d054d8b004,1,58f4c3e2-dd3e-4abc-bfe1-967e43a6d84e,click
1450510986,63166110-06e0-495c-a52c-fccd73cd25bc,2,6507f07f-be06-4355-9067-ab7dcba6a895,purchase
1450511032,81678ed7-106e-4989-9e87-491b92009f73,1,4c553588-16dc-4337-b6d2-af5cbb0bea9b,purchase
1450511097,99d994ed-182c-4109-816e-08103c961990,0,6507f07f-be06-4355-9067-ab7dcba6a895,purchase
1450511226,75e271dc-e09b-44bf-91cf-2793b93158c6,1,4c553588-16dc-4337-b6d2-af5cbb0bea9b,visit
1450511257,47c56173-7c3a-4951-84be-15572b8fd9f6,0,4c553588-16dc-4337-b6d2-af5cbb0bea9b,visit
1450511271,61b9877d-f901-4c08-ab6c-bf9f133f4762,0,7fe40811-7d3b-42b9-83ff-58eee06859d9,click
1450511282,44ed329c-63d8-4fc7-b4b8-dd8584a31cde,2,7c141314-7b8a-48b5-845d-821fcbafed53,click
1450511343,39c43896-9359-4d72-85a5-662bedadf8b4,0,0adb6ada-6978-4d95-801f-b03289a6c12c,click
1450511348,e5c19c70-5515-42b1-baaf-d5c63e27209f,1,c51f66c9-9de0-457a-8f5d-4188b48c3e12,purchase
1450511459,2aa3f825-075c-4af8-b94d-484e64e49baa,0,426da729-1c9a-4705-ba95-81609304ab50,click
1450511500,2f93a0a9-601d-4477-a595-9f688f20713f,2,0adb6ada-6978-4d95-801f-b03289a6c12c,click
1450511525,35aa59d9-d0ed-4eaa-8019-faf7a53f3879,1,9e577b56-47a2-4d6b-9754-baadb0472b79,click
1450511648,d575fc7a-8f09-4157-9eec-2f79d2564ec7,0,a4bc67e6-9c4a-4e55-9d76-c3a19bcc225e,click
1450511798,ab714ece-5eb1-4f19-a890-229462e350ab,2,a4bc67e6-9c4a-4e55-9d76-c3a19bcc225e,click
1450511882,f3f77829-4cb0-45e5-bbd8-ee9920569fa8,1,7fe40811-7d3b-42b9-83ff-58eee06859d9,visit
1450511922,2165f3a2-15bb-4f42-acbf-520d65129eff,2,6507f07f-be06-4355-9067-ab7dcba6a895,click
1450512017,d6b90e42-c05e-43d7-86e2-4a95feb1abfd,2,a4bc67e6-9c4a-4e55-9d76-c3a19bcc225e,click
1450512147,1ea28794-331d-4e6c-83e7-444f01ee586d,1,4c553588-16dc-4337-b6d2-af5cbb0bea9b,purchase
1450512405,2a0bac14-0374-4c30-98d3-96eaf8cb4d47,0,426da729-1c9a-4705-ba95-81609304ab50,purchase
1450512424,166122eb-22b6-47fc-9aee-af990d1a9bfc,1,c51f66c9-9de0-457a-8f5d-4188b48c3e12,purchase
1450512803,5951409c-cf3c-4caf-9bfb-a4382b8c7201,0,4c553588-16dc-4337-b6d2-af5cbb0bea9b,purchase
1450512885,22c83fa7-7ac9-40e2-934d-67333d659c64,1,c51f66c9-9de0-457a-8f5d-4188b48c3e12,purchase
1450513033,bb4de854-2456-41ae-b806-0a99643f86c1,1,a4bc67e6-9c4a-4e55-9d76-c3a19bcc225e,purchase
1450513249,3076d156-7612-4956-9a31-0eca9977fea2,0,7c141314-7b8a-48b5-845d-821fcbafed53,visit
1450513291,5418c673-af83-4526-b31a-67b5eb34d76c,1,426da729-1c9a-4705-ba95-81609304ab50,click
1450513318,deea6763-39e5-46ea-a38f-98f677d99f85,1,426da729-1c9a-4705-ba95-81609304ab50,click
1450513498,fa692ee9-ca91-4bb1-951b-db5309e9ae6a,2,9e577b56-47a2-4d6b-9754-baadb0472b79,visit
1450513648,42665f53-05b2-4c8d-9d1a-fc60a0c01bdb,0,a4bc67e6-9c4a-4e55-9d76-c3a19bcc225e,visit
1450513842,955033fd-20cc-4ce4-a483-f0b0c864eaed,1,426da729-1c9a-4705-ba95-81609304ab50,click
1450513869,b5790303-d653-4b6e-bfc3-8c18d65d89f3,2,58f4c3e2-dd3e-4abc-bfe1-967e43a6d84e,purchase
1450513884,e5ca0127-34c5-4b49-b637-69d3c0321201,1,7fe40811-7d3b-42b9-83ff-58eee06859d9,visit
1450513902,3b82fea0-7acb-4e46-9b61-de8052c2c8af,1,58f4c3e2-dd3e-4abc-bfe1-967e43a6d84e,visit
1450513927,60f63eec-f60a-408e-a5b9-8143e3c5a8a9,2,6507f07f-be06-4355-9067-ab7dcba6a895,click
1450514026,0ebb3990-ab6b-4dea-b572-7406f0c3aa02,2,a4bc67e6-9c4a-4e55-9d76-c3a19bcc225e,click
1450514137,7da987d5-91db-4879-9eea-9b4f7cf59319,0,a4bc67e6-9c4a-4e55-9d76-c3a19bcc225e,visit
1450514190,a82d99aa-096f-498a-86b8-416bcf4d4868,0,58f4c3e2-dd3e-4abc-bfe1-967e43a6d84e,purchase
1450514196,9f5151d1-dc68-4b08-983d-9201b054d581,1,9e577b56-47a2-4d6b-9754-baadb0472b79,click
1450514335,c4026e34-3843-41bb-a71b-8f43aa74fa1e,2,0adb6ada-6978-4d95-801f-b03289a6c12c,click
1450514405,f44bd7e9-c1f2-4afe-b54d-057074537b1a,1,4c553588-16dc-4337-b6d2-af5cbb0bea9b,purchase
1450514584,da014bb8-bf73-44d4-b6e4-c8c87f1db2c0,2,a4bc67e6-9c4a-4e55-9d76-c3a19bcc225e,visit
1450514705,6d7d0376-955a-461e-a9e3-ff344cd3f3f4,2,6507f07f-be06-4355-9067-ab7dcba6a895,purchase
1450514870,1c0b7693-6741-4a98-a2be-d16b07ff641b,1,9e577b56-47a2-4d6b-9754-baadb0472b79,visit
1450514910,914a5824-f995-4fd7-b4ff-072aa8566afa,2,9e577b56-47a2-4d6b-9754-baadb0472b79,click
1450515285,713145a3-f1f4-4cf6-aad5-e73b4cb5ffc5,1,a4bc67e6-9c4a-4e55-9d76-c3a19bcc225e,click
1450515383,ed899eb4-f370-4f70-bb9c-27b09ad6d34c,1,c51f66c9-9de0-457a-8f5d-4188b48c3e12,purchase
1450515525,0c292971-b992-4855-8e88-d131a060275e,1,7fe40811-7d3b-42b9-83ff-58eee06859d9,purchase
1450515554,534bb3e6-e95e-4ccf-8ec7-9d7f492a2576,2,6507f07f-be06-4355-9067-ab7dcba6a895,visit
1450515588,77ac6add-5a72-414d-9492-d16163135ff5,0,9e577b56-47a2-4d6b-9754-baadb0472b79,visit
1450515713,8debd78e-4b03-4515-93ea-f31c1540570d,1,4c553588-16dc-4337-b6d2-af5cbb0bea9b,click
1450515763,8dac61d5-e37d-4474-9ba5-821aa1141ca0,1,7fe40811-7d3b-42b9-83ff-58eee06859d9,click
1450515790,2a42086d-7efb-4e68-8b34-b6c7c77e118a,2,4c553588-16dc-4337-b6d2-af5cbb0bea9b,visit
1450515851,fc8763ee-4338-47d4-b79c-ccd1ac3ce2ef,0,6507f07f-be06-4355-9067-ab7dcba6a895,visit
1450516048,b628b863-7927-4df6-afe1-c73bed29b97c,1,0adb6ada-6978-4d95-801f-b03289a6c12c,visit
1450516118,def37a6a-40cc-4512-a412-50a8ec018987,0,7fe40811-7d3b-42b9-83ff-58eee06859d9,click
1450516193,ce5a48f8-eb68-4a9d-8973-6ae3795cc80c,2,58f4c3e2-dd3e-4abc-bfe1-967e43a6d84e,click
1450516222,92403937-48c5-4dc3-a208-e556ded6acc4,0,58f4c3e2-dd3e-4abc-bfe1-967e43a6d84e,purchase
1450516439,e68cea88-1d3f-4d40-8264-02571bfe2686,0,58f4c3e2-dd3e-4abc-bfe1-967e43a6d84e,purchase
1450516501,2c4df948-c1a6-4d07-bd7b-2c897a6c2b8d,0,9e577b56-47a2-4d6b-9754-baadb0472b79,click
1450516504,4de63728-be38-43cc-a852-a5b8ca01656a,1,7fe40811-7d3b-42b9-83ff-58eee06859d9,visit
1450516686,fffac9ca-1af8-4aa2-84e5-6b546ea6eab9,0,6507f07f-be06-4355-9067-ab7dcba6a895,visit
1450516709,a0dfa6d1-2d1c-4b64-987d-073697f6562c,1,6507f07f-be06-4355-9067-ab7dcba6a895,visit
1450516774,995b3849-ec38-4ed2-88f2-8541ea1c7fda,1,7fe40811-7d3b-42b9-83ff-58eee06859d9,purchase
1450516984,c54537d9-fef3-4816-b55e-312203666853,1,7fe40811-7d3b-42b9-83ff-58eee06859d9,purchase
1450517028,2142a414-ac84-40bb-a5b8-5a2f75616dba,2,426da729-1c9a-4705-ba95-81609304ab50,click
1450517096,ddae8927-57e1-43f3-897f-b8f7dbfb6819,2,6507f07f-be06-4355-9067-ab7dcba6a895,visit
1450517122,7661b632-9ddc-4abd-8145-3dd4afda8850,1,a4bc67e6-9c4a-4e55-9d76-c3a19bcc225e,click
1450517127,3ffc61c1-756a-41ac-aaea-1d86ac375fd6,0,4c553588-16dc-4337-b6d2-af5cbb0bea9b,click
1450517304,d87c553f-4e0b-41c0-9cd0-3aaeb9c75cf2,2,58f4c3e2-dd3e-4abc-bfe1-967e43a6d84e,purchase
1450517425,f4087a56-c3a2-4be7-b294-00ff9a0f3b48,0,58f4c3e2-dd3e-4abc-bfe1-967e43a6d84e,visit
1450517435,3697cc3e-5a46-4ccc-a54e-65251c8b471d,1,a4bc67e6-9c4a-4e55-9d76-c3a19bcc225e,visit
1450517886,db1be6ec-58d1-4172-a9c2-3f6ccff62d60,2,58f4c3e2-dd3e-4abc-bfe1-967e43a6d84e,visit
1450517979,7e4a6b32-f9a8-41b5-9d42-e152b90e28e4,0,426da729-1c9a-4705-ba95-81609304ab50,visit
1450518024,61f2f9e4-9900-4901-9f26-f23f29889c9b,2,6507f07f-be06-4355-9067-ab7dcba6a895,click
1450518058,98c6cc47-94de-41d5-8312-8076f5109fda,2,7fe40811-7d3b-42b9-83ff-58eee06859d9,purchase
1450518217,84ddb6ac-2770-474b-b30b-7752c1086823,0,a4bc67e6-9c4a-4e55-9d76-c3a19bcc225e,visit
1450518275,ea761cf5-4399-499f-83c2-c747c3c898d7,1,c51f66c9-9de0-457a-8f5d-4188b48c3e12,click
1450518313,330594c3-54b9-42a7-bd42-ed96987cb264,0,58f4c3e2-dd3e-4abc-bfe1-967e43a6d84e,click
1450518430,da5bc9fb-6fc5-4dee-9753-013eed44b3f1,0,a4bc67e6-9c4a-4e55-9d76-c3a19bcc225e,purchase
1450518580,f4669167-a241-4c8d-bdbe-4bd5a5219d11,0,9e577b56-47a2-4d6b-9754-baadb0472b79,click
1450518584,66f16c66-5b74-4f83-8837-641ed143fa2e,2,6507f07f-be06-4355-9067-ab7dcba6a895,visit
1450518600,46f26656-d152-4909-b531-52b6a6175ae2,0,7fe40811-7d3b-42b9-83ff-58eee06859d9,purchase
1450518688,721fa167-e0c8-4dfb-b7ba-fff5896eb507,1,58f4c3e2-dd3e-4abc-bfe1-967e43a6d84e,click
1450518954,e2b4372d-02d5-4f1b-b38b-67ea975e70c4,0,9e577b56-47a2-4d6b-9754-baadb0472b79,visit
1450519048,7a8a64a5-392e-4810-9f55-63146c7d32d7,1,6507f07f-be06-4355-9067-ab7dcba6a895,purchase
1450519106,ce1ee48b-62a8-417a-923d-5bd274172c97,2,4c553588-16dc-4337-b6d2-af5cbb0bea9b,visit
1450519248,c9cebfa0-a421-4b0e-bf72-a4db62a2c2e3,0,0adb6ada-6978-4d95-801f-b03289a6c12c,visit
1450519405,eeb6084b-c3e4-42f9-9bb7-a4a1a3b22fa8,0,a4bc67e6-9c4a-4e55-9d76-c3a19bcc225e,purchase
1450519407,00d0b8dd-ddd1-4623-838e-dff6e03cd912,2,58f4c3e2-dd3e-4abc-bfe1-967e43a6d84e,visit
1450519461,8ffdfdd8-92a7-4737-b780-7943c76e6e85,0,58f4c3e2-dd3e-4abc-bfe1-967e43a6d84e,purchase
1450519723,e176e1c2-fc52-4476-bbee-1a9e398e6a4e,2,426da729-1c9a-4705-ba95-81609304ab50,click
1450519749,c0682af0-464c-4696-a70b-7da5ad919d66,0,9e577b56-47a2-4d6b-9754-baadb0472b79,click
1450519844,deda7c94-66c5-4928-8d60-43ff51959d60,1,6507f07f-be06-4355-9067-ab7dcba6a895,purchase
1450519900,2a2ecb15-b65b-4b2b-a4a7-eaca6b860269,0,4c553588-16dc-4337-b6d2-af5cbb0bea9b,purchase
1450519944,942b88c1-393a-4432-a90f-98b8402bcc46,2,7c141314-7b8a-48b5-845d-821fcbafed53,click
1450519978,68337b18-5715-42ea-87b5-9763b02f11f3,2,c51f66c9-9de0-457a-8f5d-4188b48c3e12,visit
1450519985,1a8d7d61-bd51-43ce-8ccb-69269a7a263a,2,6507f07f-be06-4355-9067-ab7dcba6a895,purchase
1450520120,b35a1fc4-c305-465d-a043-2ba08d8161df,0,7c141314-7b8a-48b5-845d-821fcbafed53,purchase
1450520138,e5fd0cd7-1dde-4e70-822b-49b10dcacf49,1,a4bc67e6-9c4a-4e55-9d76-c3a19bcc225e,purchase
1450520206,bcd2ec3a-1213-4f93-b9a2-a9aa5a041486,1,9e577b56-47a2-4d6b-9754-baadb0472b79,click
1450520283,cdba356a-8cce-454c-a411-526aff2130dc,0,c51f66c9-9de0-457a-8f5d-4188b48c3e12,purchase
1450520417,9e342898-61e4-4576-8b84-709ab3f2f0c6,1,c51f66c9-9de0-457a-8f5d-4188b48c3e12,visit
1450520596,65d64392-468e-4d79-8ae5-579763e62900,2,c51f66c9-9de0-457a-8f5d-4188b48c3e12,click
1450520621,a9d94b2d-26b2-4e78-9621-937274d4c00c,1,426da729-1c9a-4705-ba95-81609304ab50,click
1450520681,df2db403-66b6-4d80-8d3a-3ad4c9bb126e,2,7fe40811-7d3b-42b9-83ff-58eee06859d9,visit
1450520722,f354db7e-231f-4248-81a1-5437f5a81844,1,58f4c3e2-dd3e-4abc-bfe1-967e43a6d84e,visit
1450520741,6286b497-0913-462e-895f-53ed3ba9e221,1,9e577b56-47a2-4d6b-9754-baadb0472b79,visit
1450520850,9ee3f843-4c85-40e6-8a26-13a534c6fdc7,0,6507f07f-be06-4355-9067-ab7dcba6a895,click
1450520957,b446a9a8-01cc-46ad-b6bf-ac34e377a882,0,58f4c3e2-dd3e-4abc-bfe1-967e43a6d84e,purchase
1450521037,db834e51-552e-4e97-8448-493d64ab76b5,1,c51f66c9-9de0-457a-8f5d-4188b48c3e12,visit
1450521068,269eb703-6a6b-4255-87ee-f7991311f312,2,c51f66c9-9de0-457a-8f5d-4188b48c3e12,visit
1450521081,37b29dac-7f50-4da7-965a-dbd8bebab84f,0,c51f66c9-9de0-457a-8f5d-4188b48c3e12,purchase
1450521102,3906ff35-a5a2-4042-b811-aa2804dd847f,2,426da729-1c9a-4705-ba95-81609304ab50,purchase
1450521266,582e80d5-c079-4e79-8781-d8133d8ea982,1,6507f07f-be06-4355-9067-ab7dcba6a895,click
1450521348,fd151d6a-3283-4439-857f-7aad9cff3fee,0,7c141314-7b8a-48b5-845d-821fcbafed53,purchase
1450521363,e84c9dd8-e6ba-494d-be1e-da35e9d56b24,2,58f4c3e2-dd3e-4abc-bfe1-967e43a6d84e,purchase
1450521422,741dffec-ad1b-4e23-a80c-ea0991fc1bd7,1,0adb6ada-6978-4d95-801f-b03289a6c12c,purchase
1450521514,03c5101f-ab32-44b2-a435-92a87d42b253,2,c51f66c9-9de0-457a-8f5d-4188b48c3e12,purchase
1450521547,3683c576-86ae-4830-b389-607773ce2f93,0,a4bc67e6-9c4a-4e55-9d76-c3a19bcc225e,click
1450521557,cf4cf670-824a-4e32-8464-8df1452f29cb,0,7c141314-7b8a-48b5-845d-821fcbafed53,purchase
1450521713,f46641bb-408e-46ef-9cae-c812af4e5030,0,4c553588-16dc-4337-b6d2-af5cbb0bea9b,purchase
1450521830,13c7f51b-1bed-4ec2-9716-6a804b0267e9,1,4c553588-16dc-4337-b6d2-af5cbb0bea9b,purchase
1450521931,8936cf92-2198-47ac-887e-7ffbbaefc886,1,9e577b56-47a2-4d6b-9754-baadb0472b79,purchase
1450522012,dac966f5-3c75-476f-8e3e-9682bba4b25b,1,7c141314-7b8a-48b5-845d-821fcbafed53,visit
1450522036,42aede39-b876-4606-be60-cb7d0907e710,0,58f4c3e2-dd3e-4abc-bfe1-967e43a6d84e,visit
1450522185,b7ecf0d3-4b3b-4546-99d9-dd83e91d4cc8,0,7fe40811-7d3b-42b9-83ff-58eee06859d9,click
1450522233,303121c6-3ae4-4da0-a29b-04f083365451,2,6507f07f-be06-4355-9067-ab7dcba6a895,purchase
1450522338,3eb34b26-cc7d-412f-bc26-fa1ef4c421b0,1,4c553588-16dc-4337-b6d2-af5cbb0bea9b,visit
1450522429,4e9fa751-863a-493e-9887-ec455e1fb630,0,58f4c3e2-dd3e-4abc-bfe1-967e43a6d84e,purchase
1450522473,0a6f836a-00c0-4edf-a9f7-80c0798b46a0,1,7c141314-7b8a-48b5-845d-821fcbafed53,visit
1450522531,925ee07a-0a79-48a6-8076-ce8a5c2fd7c8,2,9e577b56-47a2-4d6b-9754-baadb0472b79,click
1450522546,6a351850-531a-4257-8665-a56f8b193095,2,a4bc67e6-9c4a-4e55-9d76-c3a19bcc225e,visit
1450522585,244242ac-786a-47e2-a905-ef4988f3c8c1,1,58f4c3e2-dd3e-4abc-bfe1-967e43a6d84e,click
1450522597,be19ced7-a4db-4a4e-a00c-81ed89f1c57e,0,7fe40811-7d3b-42b9-83ff-58eee06859d9,visit
1450522607,04cd66ee-2745-4bb5-afaa-32d7972cda88,1,a4bc67e6-9c4a-4e55-9d76-c3a19bcc225e,click
1450522629,1613df9f-344d-4d83-b519-5e03f4671843,0,0adb6ada-6978-4d95-801f-b03289a6c12c,visit
1450522654,4292f5f4-33f3-4f96-b036-cb418f988e6c,1,7fe40811-7d3b-42b9-83ff-58eee06859d9,visit
1450522702,a03667e3-b9a7-4dff-a027-e8beb1e0b6b1,0,6507f07f-be06-4355-9067-ab7dcba6a895,visit
1450522738,f43f60f5-d711-4947-a2ea-b0bf3b1cbd0b,0,7c141314-7b8a-48b5-845d-821fcbafed53,purchase
1450522740,5e95d5c9-2ec1-4220-8479-e1c1f92071cd,2,4c553588-16dc-4337-b6d2-af5cbb0bea9b,visit
1450522929,9eb45487-8d1a-4627-a568-e9ba697f0800,0,0adb6ada-6978-4d95-801f-b03289a6c12c,purchase
1450523189,10d35d7e-1a99-4cb8-8648-264e2d8bda91,0,c51f66c9-9de0-457a-8f5d-4188b48c3e12,visit
1450523223,9592a140-bc43-44cc-8892-26a30bcf3e66,2,c51f66c9-9de0-457a-8f5d-4188b48c3e12,click
1450523244,e39f6c7b-23e9-4c73-9c15-f1d125fa0a3f,2,4c553588-16dc-4337-b6d2-af5cbb0bea9b,visit
1450523396,1e0f867f-e03f-4af2-88aa-ca3218fe6cea,2,9e577b56-47a2-4d6b-9754-baadb0472b79,visit
1450523475,a37b302a-1f67-4a79-9e74-c8dbf59bbf2d,1,0adb6ada-6978-4d95-801f-b03289a6c12c,visit
1450523625,4bfe9a5a-6b69-4425-bf4e-36548e3dc675,2,6507f07f-be06-4355-9067-ab7dcba6a895,purchase
1450523685,143ed750-0c35-4431-b0f5-b7c1352234cd,1,7fe40811-7d3b-42b9-83ff-58eee06859d9,visit
1450523741,20da0da2-db98-4330-b665-f692e84c24d2,2,c51f66c9-9de0-457a-8f5d-4188b48c3e12,visit
1450523743,ff381b2b-5008-4d4d-bc54-7a33ec451400,0,7fe40811-7d3b-42b9-83ff-58eee06859d9,visit
1450523890,333426f5-6ec8-467e-95aa-e1fdbb4df0a3,0,0adb6ada-6978-4d95-801f-b03289a6c12c,purchase
1450523904,c01aa463-c181-4bac-bfdd-cd647da55920,2,6507f07f-be06-4355-9067-ab7dcba6a895,visit
1450523922,32fc0aea-2a1a-48b1-bd94-bb56af1d5795,2,7fe40811-7d3b-42b9-83ff-58eee06859d9,visit
1450523928,f13afc57-1c3d-42fb-92d5-9dee7b94909e,2,a4bc67e6-9c4a-4e55-9d76-c3a19bcc225e,visit
1450523977,f3e3775a-a8fa-4d9c-9c2a-20319b323e4b,1,426da729-1c9a-4705-ba95-81609304ab50,click
1450524069,807e2570-7aca-4602-adb3-ec08665e3d2e,2,58f4c3e2-dd3e-4abc-bfe1-967e43a6d84e,visit
1450524138,cd899c94-4bf7-4c8d-95ec-e4f32951ebbf,2,4c553588-16dc-4337-b6d2-af5cbb0bea9b,purchase
1450524154,af449db4-0ccd-40e3-84ee-dec0c91c4d75,0,9e577b56-47a2-4d6b-9754-baadb0472b79,purchase
1450524217,969bf41d-ec59-4b3c-ae94-46488f4b92fe,2,4c553588-16dc-4337-b6d2-af5cbb0bea9b,purchase
1450524392,3ede4089-0e3e-4e55-bf09-2396add179af,0,9e577b56-47a2-4d6b-9754-baadb0472b79,visit
1450524436,2f7176db-38cb-4705-8166-796969435bdf,0,0adb6ada-6978-4d95-801f-b03289a6c12c,purchase
1450524603,3802dfa4-687f-46f4-87b0-b80953355c66,1,58f4c3e2-dd3e-4abc-bfe1-967e43a6d84e,visit
1450524653,347447b2-1093-4b2e-8fbb-c53021e7ebc4,2,c51f66c9-9de0-457a-8f5d-4188b48c3e12,purchase
1450524713,a52c6da7-5243-4612-a384-a146cb7a6618,1,9e577b56-47a2-4d6b-9754-baadb0472b79,visit
1450524752,0f9b950c-f71c-464f-ba71-dd6b3d09ef40,1,a4bc67e6-9c4a-4e55-9d76-c3a19bcc225e,visit
1450525284,9906e47b-dc51-44f1-b6e0-a749d30b24c3,1,0adb6ada-6978-4d95-801f-b03289a6c12c,purchase
1450525442,5eb2b987-81db-4efe-a125-e83a554b7137,0,58f4c3e2-dd3e-4abc-bfe1-967e43a6d84e,click
1450525604,10e04c27-9484-4b7c-a0cb-7f27371b67c1,1,7c141314-7b8a-48b5-845d-821fcbafed53,purchase
1450525610,a4efc6ba-db36-4d3c-9c0c-00a931aebe3e,2,0adb6ada-6978-4d95-801f-b03289a6c12c,click
1450525613,e6227abb-0866-4548-bbab-cd2f767dd9ab,0,6507f07f-be06-4355-9067-ab7dcba6a895,purchase
1450525700,f788c9d1-1699-4548-9bda-322f054c21ae,1,9e577b56-47a2-4d6b-9754-baadb0472b79,purchase
1450525750,f4b0c6fc-6dad-409c-b81d-2366b4aeb5e6,0,c51f66c9-9de0-457a-8f5d-4188b48c3e12,visit
1450525835,ca92a8c7-1d07-45ea-971a-01ccd37bb6cc,2,7fe40811-7d3b-42b9-83ff-58eee06859d9,click
1450526186,75f83aaf-912e-4c3e-9ce8-2d84556d950f,1,0adb6ada-6978-4d95-801f-b03289a6c12c,click
1450526246,bfe05842-1062-4ebf-8f77-6fb45f18b4e6,0,0adb6ada-6978-4d95-801f-b03289a6c12c,purchase
1450526262,cd412f05-9b70-4b3b-9b47-1970bd66a773,0,9e577b56-47a2-4d6b-9754-baadb0472b79,visit
1450526315,d7969846-8c3f-4697-9daf-55ac53eca969,1,4c553588-16dc-4337-b6d2-af5cbb0bea9b,purchase
1450526363,e7234574-b077-4b44-ad10-b787a70cbd75,2,6507f07f-be06-4355-9067-ab7dcba6a895,visit
1450526400,b1b38185-f837-4ae4-9ca4-0e759042a5b9,2,6507f07f-be06-4355-9067-ab7dcba6a895,visit
1450526413,620b4195-61d8-4698-9ff7-5ec36c519da6,2,58f4c3e2-dd3e-4abc-bfe1-967e43a6d84e,visit
1450526560,9dbd956c-0e20-498d-9207-bb8065b3e8a2,0,9e577b56-47a2-4d6b-9754-baadb0472b79,visit
1450526577,ed2db9a5-3784-428a-b0d2-75400e019b10,0,a4bc67e6-9c4a-4e55-9d76-c3a19bcc225e,click
1450526833,a891d6f8-dc0d-4c91-b4c6-21e5391aad6d,0,7c141314-7b8a-48b5-845d-821fcbafed53,visit
1450526861,fdbbf17d-ef2e-4ce9-959a-f36911e15eed,2,7fe40811-7d3b-42b9-83ff-58eee06859d9,visit
1450526906,10084c58-b1ea-412f-ad43-686ad552de37,0,4c553588-16dc-4337-b6d2-af5cbb0bea9b,purchase
1450527191,909c97cf-1a8a-41cc-9f7e-04c474c0e459,0,7fe40811-7d3b-42b9-83ff-58eee06859d9,click
1450527337,9c1e5082-9dfe-46c6-8217-59e1a8e38d44,1,58f4c3e2-dd3e-4abc-bfe1-967e43a6d84e,visit
1450527437,13b919ac-b609-4d48-8aeb-f1f6631293ca,2,58f4c3e2-dd3e-4abc-bfe1-967e43a6d84e,click
1450527488,fc81f775-cfb9-49b8-adc4-d53d52239656,2,0adb6ada-6978-4d95-801f-b03289a6c12c,click
1450527786,262cf9d0-6d51-46e7-8206-39ba6166ffb7,1,6507f07f-be06-4355-9067-ab7dcba6a895,visit
1450527872,65ce2a8c-9925-447a-8eb9-3cf3a59d7c0d,2,7c141314-7b8a-48b5-845d-821fcbafed53,click
1450527945,339a33f6-4c3c-48a5-8b9f-22dc5b3c541f,1,7fe40811-7d3b-42b9-83ff-58eee06859d9,click
1450527952,971473d6-06d0-4431-a5c4-1923db173cdf,1,6507f07f-be06-4355-9067-ab7dcba6a895,visit
1450528111,6a71fd41-e3ee-4970-9f42-7962df507beb,1,426da729-1c9a-4705-ba95-81609304ab50,visit
1450528195,989632ee-8199-4dea-b4fe-e5447998850d,2,6507f07f-be06-4355-9067-ab7dcba6a895,visit
1450528321,a76c7986-1833-40aa-a06e-52ab6b386290,2,426da729-1c9a-4705-ba95-81609304ab50,click
1450528361,bd469baf-51f0-42ad-8609-2e6e4716f264,2,6507f07f-be06-4355-9067-ab7dcba6a895,purchase
1450528599,67bc4786-fbe1-4052-b222-26d923b50dab,1,9e577b56-47a2-4d6b-9754-baadb0472b79,purchase
1450528726,9755beba-f14e-4fae-8ba3-d07826f3b682,2,9e577b56-47a2-4d6b-9754-baadb0472b79,click
1450528780,103f1f71-e959-4abb-b856-c2456a907028,2,6507f07f-be06-4355-9067-ab7dcba6a895,click
1450528825,3c0aaaed-df35-49ef-9beb-aa0e23f50b3c,0,7fe40811-7d3b-42b9-83ff-58eee06859d9,purchase
1450528830,680d40b7-7994-4e3b-9415-0bd20d247127,1,7fe40811-7d3b-42b9-83ff-58eee06859d9,click
1450528874,b1a33487-26eb-4a19-b37f-a6d2826e2795,0,58f4c3e2-dd3e-4abc-bfe1-967e43a6d84e,click
1450528910,5124aafb-0b69-4877-8d5d-7c8216c1601b,0,58f4c3e2-dd3e-4abc-bfe1-967e43a6d84e,click
1450528979,7922d585-743b-4f57-80c3-57e4b0c81ead,1,0adb6ada-6978-4d95-801f-b03289a6c12c,click
1450528983,3ce1008e-f029-428b-9f06-fed30f94c36f,0,a4bc67e6-9c4a-4e55-9d76-c3a19bcc225e,visit
1450528999,b1611a8d-3cad-450f-98ef-18d4351f0c43,0,0adb6ada-6978-4d95-801f-b03289a6c12c,click
1450529052,e432a540-29e8-4a98-aa13-5208bb9f58ff,1,7c141314-7b8a-48b5-845d-821fcbafed53,visit
1450529409,e7215b05-87a0-410a-94ce-68a0bf8fdd9e,2,0adb6ada-6978-4d95-801f-b03289a6c12c,purchase
1450529531,6ad5e881-953b-488c-9934-c7ea17e89dab,2,9e577b56-47a2-4d6b-9754-baadb0472b79,visit
1450529572,480b0b18-c91f-4ac4-ac98-670ec5874869,0,58f4c3e2-dd3e-4abc-bfe1-967e43a6d84e,visit
1450529575,3dfcc7bb-83de-4b05-b85b-dcd69a0de456,2,c51f66c9-9de0-457a-8f5d-4188b48c3e12,purchase
1450529585,b8d13d27-0c34-4ff7-9f4c-bec1ec634558,2,c51f66c9-9de0-457a-8f5d-4188b48c3e12,purchase
1450529884,10720ebd-38ba-413d-9d3f-6571f8911303,0,a4bc67e6-9c4a-4e55-9d76-c3a19bcc225e,purchase
1450529911,4a68a0e5-b008-4bdc-b547-69ba4509ec9b,1,58f4c3e2-dd3e-4abc-bfe1-967e43a6d84e,click
1450529925,e37e3588-f5d6-4a06-9510-f4466c52ca49,2,7fe40811-7d3b-42b9-83ff-58eee06859d9,click
1450530101,dbcf99c9-7d3c-48c6-aef0-c9a9c5ea50bd,0,7fe40811-7d3b-42b9-83ff-58eee06859d9,click
1450530187,7992796f-19b6-49df-a671-53e020cf3eb1,1,9e577b56-47a2-4d6b-9754-baadb0472b79,visit
1450530208,025b87b1-bffd-42ff-8a5f-4fd9ba7b27cc,0,4c553588-16dc-4337-b6d2-af5cbb0bea9b,click
1450530232,4edcdd6e-834a-4040-8eb3-793a2ca384c6,1,6507f07f-be06-4355-9067-ab7dcba6a895,click
1450530415,d22338d3-89c3-49d5-b9ae-10f4d86547f6,0,0adb6ada-6978-4d95-801f-b03289a6c12c,visit
1450530432,e88245a6-f670-488c-9ef7-022286d6ce33,0,58f4c3e2-dd3e-4abc-bfe1-967e43a6d84e,click
1450530508,0240d678-3e44-4279-a76a-1e58cb654777,0,426da729-1c9a-4705-ba95-81609304ab50,click
1450530544,c496f40c-70e0-4745-97f0-71e0e97f62b6,1,0adb6ada-6978-4d95-801f-b03289a6c12c,visit
1450530555,4d459856-f009-4f51-af68-235d95cdc207,2,7c141314-7b8a-48b5-845d-821fcbafed53,visit
1450530577,5204b21b-1abd-4ed7-89bd-29bad91f6718,2,7fe40811-7d3b-42b9-83ff-58eee06859d9,purchase
1450530623,c7d621ae-fb6c-4640-934d-44f2d3dbfa18,1,7c141314-7b8a-48b5-845d-821fcbafed53,purchase
1450530656,0ec69a4a-929f-41e0-ba4c-aca1a6b2e477,0,426da729-1c9a-4705-ba95-81609304ab50,purchase
1450530675,8d08fc98-79b4-4c33-a150-b513ac5807c0,1,7fe40811-7d3b-42b9-83ff-58eee06859d9,visit
1450530808,8c03cae8-8181-41d5-b2c5-3c937004b20d,0,0adb6ada-6978-4d95-801f-b03289a6c12c,visit
1450530822,2d64317f-1d89-4946-a53e-c7806d5b7499,1,0adb6ada-6978-4d95-801f-b03289a6c12c,visit
1450531032,e120a6b7-3d6b-40cf-b054-af29bff6abe0,1,9e577b56-47a2-4d6b-9754-baadb0472b79,purchase
1450531058,26a1ddad-46d6-4cdb-a836-688bc82e936e,2,58f4c3e2-dd3e-4abc-bfe1-967e43a6d84e,purchase
1450531132,51c86b0f-c71f-4388-b430-e07805c1e799,0,4c553588-16dc-4337-b6d2-af5cbb0bea9b,visit
1450531181,f4918753-a384-43f2-a972-ae7054c6310e,1,a4bc67e6-9c4a-4e55-9d76-c3a19bcc225e,visit
1450531336,c9af7608-16c6-474d-b0cd-da092cba4b6d,0,6507f07f-be06-4355-9067-ab7dcba6a895,click
1450531456,e33b9397-39f2-47bf-8c8e-9361ca464e6a,1,426da729-1c9a-4705-ba95-81609304ab50,visit
1450531558,297d1440-a10b-435a-aa04-d6b8245295a2,2,a4bc67e6-9c4a-4e55-9d76-c3a19bcc225e,click
1450531588,b6bc8d95-5aaf-4f58-8501-e20a92ffbfcc,1,0adb6ada-6978-4d95-801f-b03289a6c12c,purchase
1450531608,a0eb3c18-9154-4413-929e-9afcbeabe55b,0,426da729-1c9a-4705-ba95-81609304ab50,click
1450531776,f17e8cae-8f59-4912-803f-b5d7c85bd6a7,2,58f4c3e2-dd3e-4abc-bfe1-967e43a6d84e,visit
1450531844,06a8ca6e-0163-4136-b2a3-c14b5bfacc64,1,6507f07f-be06-4355-9067-ab7dcba6a895,click
1450531895,acf76069-d5ad-43e1-9ba8-83937923ea42,1,6507f07f-be06-4355-9067-ab7dcba6a895,visit
1450531899,eb1bd19d-6c41-4038-b3c2-fd0d5d00f72e,2,c51f66c9-9de0-457a-8f5d-4188b48c3e12,purchase
1450531936,0b7a3806-126b-40a3-a2c8-8cb90cb2bffe,2,9e577b56-47a2-4d6b-9754-baadb0472b79,visit
1450532068,fad3178f-c305-410d-97a2-ec4c2973583b,0,a4bc67e6-9c4a-4e55-9d76-c3a19bcc225e,click
1450532347,2d49423a-41aa-4af9-af95-09b4c1d13d44,0,9e577b56-47a2-4d6b-9754-baadb0472b79,purchase
1450532406,943e83cb-78cc-4802-b6d6-b87df0154081,1,7fe40811-7d3b-42b9-83ff-58eee06859d9,purchase
1450532421,db09bb8f-0192-4cd1-895c-018dc1951399,1,9e577b56-47a2-4d6b-9754-baadb0472b79,purchase
1450532631,4defec73-b17d-4891-9d53-7db45fde1390,2,7c141314-7b8a-48b5-845d-821fcbafed53,click
1450532698,b176bf36-9ffc-440d-a2a3-a76eea7d8697,2,4c553588-16dc-4337-b6d2-af5cbb0bea9b,purchase
1450532738,0ef34698-6a1a-4bf6-ab67-63576cd4449b,1,58f4c3e2-dd3e-4abc-bfe1-967e43a6d84e,click
1450532750,362ab8e4-3dfe-48af-9c84-9eaf093b1aaa,0,426da729-1c9a-4705-ba95-81609304ab50,click
1450533186,fbd0c5c7-8d4d-4b31-a4d4-29ff7c7fc586,2,4c553588-16dc-4337-b6d2-af5cbb0bea9b,purchase
1450533248,8be458e0-c5c4-4a10-8dd4-f65d68d2fbb3,2,4c553588-16dc-4337-b6d2-af5cbb0bea9b,visit
1450533277,a4d3f10b-67f4-4954-9ff8-c45b9a2e0847,2,0adb6ada-6978-4d95-801f-b03289a6c12c,visit
1450533293,68074e18-8085-41d4-8c73-87d2c3985b5a,2,6507f07f-be06-4355-9067-ab7dcba6a895,click
1450533314,841eca91-5e61-4b12-a0c5-4f58f775765b,0,a4bc67e6-9c4a-4e55-9d76-c3a19bcc225e,visit
1450533442,0c0c774b-c54b-45d0-a0c5-58758d7ddf7c,1,426da729-1c9a-4705-ba95-81609304ab50,visit
1450533632,3a6c81d7-cb94-4073-9519-5bef6bc537ba,2,7c141314-7b8a-48b5-845d-821fcbafed53,click
1450533686,1f274007-4c58-46c4-b94f-c99bd4b3e630,2,4c553588-16dc-4337-b6d2-af5cbb0bea9b,click
1450533694,87a77f53-957c-40ee-9672-894c3ec0e63c,1,0adb6ada-6978-4d95-801f-b03289a6c12c,visit
1450533882,7b48d6b8-5b8d-40ec-86c6-7a704e724a66,2,6507f07f-be06-4355-9067-ab7dcba6a895,visit
1450533910,ce51513d-8aef-4652-973c-bfeed87c7219,0,58f4c3e2-dd3e-4abc-bfe1-967e43a6d84e,purchase
1450534227,f9cefd6c-3939-4e53-a3d6-e966e2a6632e,1,c51f66c9-9de0-457a-8f5d-4188b48c3e12,click
1450534332,17a6f2ae-2792-4edf-b0c6-3f8dfc582d18,2,6507f07f-be06-4355-9067-ab7dcba6a895,purchase
1450534354,e31b6343-12d4-481f-a616-0a706660d205,1,58f4c3e2-dd3e-4abc-bfe1-967e43a6d84e,click
1450534355,a04445b7-4345-4907-8c48-6ec0426adfee,1,9e577b56-47a2-4d6b-9754-baadb0472b79,click
1450534384,ec6e5a85-9615-4918-bbe4-0bbbc93ca802,1,a4bc67e6-9c4a-4e55-9d76-c3a19bcc225e,visit
1450534567,52eba668-7e3e-4665-9066-52246f24b83d,0,7c141314-7b8a-48b5-845d-821fcbafed53,purchase
1450534582,54f2c16c-1f1e-4460-9970-d09c0058022c,2,426da729-1c9a-4705-ba95-81609304ab50,visit
1450534764,b5beabc8-a3f2-4e59-bf5c-416727fbc2cd,1,426da729-1c9a-4705-ba95-81609304ab50,click
1450534835,03fd8a1b-da3f-4014-9d05-7836d95b9761,2,6507f07f-be06-4355-9067-ab7dcba6a895,visit
1450535025,76f4100b-e2e0-445e-a840-f7a32b26d7bd,1,c51f66c9-9de0-457a-8f5d-4188b48c3e12,visit
1450535036,207fefb5-2a88-4548-9ec7-2b5e07a7f81b,2,0adb6ada-6978-4d95-801f-b03289a6c12c,purchase
1450535058,23f3988c-5e8f-43ff-8dc8-3634d4563430,0,a4bc67e6-9c4a-4e55-9d76-c3a19bcc225e,purchase
1450535189,f18ad158-d476-4579-8a55-224fefcf96b7,2,a4bc67e6-9c4a-4e55-9d76-c3a19bcc225e,click
1450535270,aa8a2d77-b2c4-4374-b387-53bd49e18d87,2,6507f07f-be06-4355-9067-ab7dcba6a895,purchase
1450535281,ac86a258-7eba-481d-b1fc-0fb1135da9a1,1,58f4c3e2-dd3e-4abc-bfe1-967e43a6d84e,click
1450535316,64b3b73f-9f78-41af-854d-b7a5a326add3,2,7c141314-7b8a-48b5-845d-821fcbafed53,click
1450535325,6dee99d0-e92b-46bd-abed-05d9974ccdc1,0,0adb6ada-6978-4d95-801f-b03289a6c12c,click
1450535339,c4ea91ef-e97d-47a2-a644-06ede7e19545,1,58f4c3e2-dd3e-4abc-bfe1-967e43a6d84e,purchase
1450535369,3d59d52f-d5b3-4b0b-bd6e-2cab922adf50,1,426da729-1c9a-4705-ba95-81609304ab50,visit
1450535577,d80c8198-ae28-437c-ac50-15faab855ad1,2,426da729-1c9a-4705-ba95-81609304ab50,purchase
1450535597,926aac6a-cbce-42a7-b5f7-86808461bf68,2,6507f07f-be06-4355-9067-ab7dcba6a895,purchase
1450535763,6e58ed39-5c07-4dac-8968-01b5a36a3e57,2,6507f07f-be06-4355-9067-ab7dcba6a895,visit
1450535769,91e4621d-a755-4633-989d-833f97852721,0,426da729-1c9a-4705-ba95-81609304ab50,purchase
1450535806,c799550d-de5d-4240-85ce-f8b976c7d123,2,7fe40811-7d3b-42b9-83ff-58eee06859d9,click
1450535930,43b56301-8dd2-4619-88b0-5073495593fb,2,58f4c3e2-dd3e-4abc-bfe1-967e43a6d84e,click
1450535958,c2f2801d-0281-46a6-be31-4303850255fe,2,9e577b56-47a2-4d6b-9754-baadb0472b79,purchase
1450536012,a7570955-2590-455b-851a-b0c97e665bdf,1,a4bc67e6-9c4a-4e55-9d76-c3a19bcc225e,purchase
1450536120,3b6d12c7-7491-4d64-9f8b-5f32dacfb8f8,0,7c141314-7b8a-48b5-845d-821fcbafed53,visit
1450536134,6890175a-a6fc-449f-9feb-9dfca484c761,1,0adb6ada-6978-4d95-801f-b03289a6c12c,visit
1450536258,9dc2b522-eb7e-4b3b-8bd6-c8872724e0fd,2,9e577b56-47a2-4d6b-9754-baadb0472b79,visit
1450536474,44ee2418-18ad-4340-9e5e-1304bc3b26b6,1,9e577b56-47a2-4d6b-9754-baadb0472b79,visit
1450536552,2c04b756-0645-4ff4-857c-16c01fc1e6e2,2,a4bc67e6-9c4a-4e55-9d76-c3a19bcc225e,click
1450536679,61930d55-deea-4aa0-a24c-d2e764beed10,0,9e577b56-47a2-4d6b-9754-baadb0472b79,click
1450536756,40eccb0a-2eca-4af4-b387-7fac105fc781,1,7fe40811-7d3b-42b9-83ff-58eee06859d9,visit
1450536781,237e2820-d096-42f7-b6a7-e61fbfcb23e4,2,58f4c3e2-dd3e-4abc-bfe1-967e43a6d84e,click
1450536792,cca0f9b5-7322-402a-a9e1-e6a66c8ce911,0,6507f07f-be06-4355-9067-ab7dcba6a895,visit
1450536916,23e03282-621b-4072-b648-e0169b962ef1,2,426da729-1c9a-4705-ba95-81609304ab50,click
1450536982,49157b47-66a1-497f-8f64-8fb56ea5e5d1,2,c51f66c9-9de0-457a-8f5d-4188b48c3e12,visit
1450537040,797b6b79-e59c-4fcb-8b20-c57be149ce1e,2,7c141314-7b8a-48b5-845d-821fcbafed53,visit
1450537269,c4a74ff4-c2f1-4bdc-8bad-bcddad46de6d,1,426da729-1c9a-4705-ba95-81609304ab50,purchase
1450537564,2fe57655-2f63-44d0-9c53-6b7a9279933b,0,4c553588-16dc-4337-b6d2-af5cbb0bea9b,purchase
1450537609,149a5763-0a37-464f-8a1a-8e7458ce56cb,1,a4bc67e6-9c4a-4e55-9d76-c3a19bcc225e,click
1450538338,2d8811d5-a186-4b68-8da3-7b64f995a288,0,58f4c3e2-dd3e-4abc-bfe1-967e43a6d84e,visit
1450538361,b82e2440-246b-4ada-abe3-d7efad160e51,1,58f4c3e2-dd3e-4abc-bfe1-967e43a6d84e,purchase
1450538396,185d8702-f749-4349-9e90-a2fd214eba05,0,58f4c3e2-dd3e-4abc-bfe1-967e43a6d84e,click
1450538403,3b8f377b-e7e3-40b8-9d36-1695fac68400,1,c51f66c9-9de0-457a-8f5d-4188b48c3e12,purchase
1450538480,0c97ada8-4008-4c2b-897b-d34bfe6e7c4c,1,c51f66c9-9de0-457a-8f5d-4188b48c3e12,purchase
1450538541,bc96f3f8-6112-4472-b8da-f577c9d4be73,1,c51f66c9-9de0-457a-8f5d-4188b48c3e12,purchase
1450538567,343ec385-62a0-4880-a507-db176dca2811,0,0adb6ada-6978-4d95-801f-b03289a6c12c,visit
1450538760,6fdc7696-bddf-40cf-a66a-6b70f46ae85d,1,7fe40811-7d3b-42b9-83ff-58eee06859d9,purchase
1450538823,0ac9a608-cb02-4966-9f1c-6bf70fe7b16e,2,9e577b56-47a2-4d6b-9754-baadb0472b79,visit
1450538998,59699f55-9aa6-450d-a887-858282054882,1,9e577b56-47a2-4d6b-9754-baadb0472b79,visit
1450539081,b2dbc1b9-a2ba-45d9-a918-ac2df16ad087,1,58f4c3e2-dd3e-4abc-bfe1-967e43a6d84e,click
1450539210,cacfc696-cb93-437c-9b86-32121209927e,1,a4bc67e6-9c4a-4e55-9d76-c3a19bcc225e,purchase
1450539256,ad71d4e6-a13a-45a3-854f-f52b098754c5,0,426da729-1c9a-4705-ba95-81609304ab50,visit
1450539340,dd71e8c8-e3c8-4594-890d-673f2a274d74,0,7fe40811-7d3b-42b9-83ff-58eee06859d9,click
1450539404,44b990d1-ca11-4c31-ae53-0d1f6b3393bf,1,9e577b56-47a2-4d6b-9754-baadb0472b79,purchase
1450539480,99d42d54-e51a-47a4-bed2-cbd9a33de6b2,0,7fe40811-7d3b-42b9-83ff-58eee06859d9,purchase
1450539760,dfbb983a-f563-46fb-9f2f-22cdfb67dcdf,0,7c141314-7b8a-48b5-845d-821fcbafed53,purchase
1450540274,6d7455e6-3de2-4bf4-86ad-32b94cd63dcc,1,4c553588-16dc-4337-b6d2-af5cbb0bea9b,purchase
1450540321,b77f24e7-cfd8-492f-811a-1dce4c973cfb,1,c51f66c9-9de0-457a-8f5d-4188b48c3e12,click
1450540508,9f351244-db79-4d15-a074-c2baeca94e0a,0,7c141314-7b8a-48b5-845d-821fcbafed53,click
1450540509,d89a2675-51e4-4d17-ab60-a356740ac316,0,7fe40811-7d3b-42b9-83ff-58eee06859d9,purchase
1450540538,104ca142-4c6e-4145-a536-7942c3a1da76,0,58f4c3e2-dd3e-4abc-bfe1-967e43a6d84e,click
1450540678,b61e0563-a971-409d-ad92-73ffa0a94275,0,58f4c3e2-dd3e-4abc-bfe1-967e43a6d84e,purchase
1450540700,95650bfb-810a-4778-b9f5-38c2532c89b7,0,a4bc67e6-9c4a-4e55-9d76-c3a19bcc225e,click
1450540749,d7075055-e6f6-4828-8282-7c2e97286694,1,6507f07f-be06-4355-9067-ab7dcba6a895,click
1450540794,1032d863-7ce1-4db0-80cc-9cb671cc5553,1,a4bc67e6-9c4a-4e55-9d76-c3a19bcc225e,visit
1450540795,4a2dee4b-5e6b-4e11-b503-3e4993e31708,2,6507f07f-be06-4355-9067-ab7dcba6a895,purchase
1450540838,654a8045-035e-4225-9db8-30c804521601,0,4c553588-16dc-4337-b6d2-af5cbb0bea9b,visit
1450540866,ed29e424-7964-4985-8ecd-4f20f38be12f,2,6507f07f-be06-4355-9067-ab7dcba6a895,click
1450540877,10a94979-e2fb-44a3-aa66-b6bb758de75e,1,a4bc67e6-9c4a-4e55-9d76-c3a19bcc225e,purchase
1450541017,8fa463f8-1a17-48dd-a51a-d8b947231164,2,9e577b56-47a2-4d6b-9754-baadb0472b79,purchase
1450541066,70867ff9-4006-486b-add2-b20dd584155e,2,9e577b56-47a2-4d6b-9754-baadb0472b79,purchase
1450541088,831f39b9-d37e-45fb-be83-571d6812c03d,0,0adb6ada-6978-4d95-801f-b03289a6c12c,purchase
1450541162,e2668f7d-61e7-4aa7-8223-f7c96b96a15f,1,0adb6ada-6978-4d95-801f-b03289a6c12c,purchase
1450541165,0f9dd12c-e762-4f5e-8de6-8ec1faff81c5,2,58f4c3e2-dd3e-4abc-bfe1-967e43a6d84e,click
1450541173,94b29993-92e8-4dbc-a648-07433d71b11b,0,7c141314-7b8a-48b5-845d-821fcbafed53,click
1450541234,48337d18-82ad-4217-905a-390446975532,0,7c141314-7b8a-48b5-845d-821fcbafed53,purchase
1450541262,d8b3a50f-20df-4812-bb65-b24569decad2,0,9e577b56-47a2-4d6b-9754-baadb0472b79,visit
1450541305,90376256-3c55-493c-bccc-979cf44668b6,1,7fe40811-7d3b-42b9-83ff-58eee06859d9,click
1450541357,d3c1eb19-cde5-49c4-af10-65f58b8e33ef,0,58f4c3e2-dd3e-4abc-bfe1-967e43a6d84e,purchase
1450541437,a0515cab-b68c-4dbb-b55c-29bd747a676a,1,7fe40811-7d3b-42b9-83ff-58eee06859d9,purchase
1450541448,5ae61128-2292-4036-bcca-bd1b912d4076,2,58f4c3e2-dd3e-4abc-bfe1-967e43a6d84e,purchase
1450541493,b60b766b-3743-4ba3-a210-1dd650aac980,1,0adb6ada-6978-4d95-801f-b03289a6c12c,visit
1450541514,67e487a9-e661-4ab8-97c9-003bf84f8570,0,0adb6ada-6978-4d95-801f-b03289a6c12c,click
1450541547,853a8dd8-f553-42de-9d19-a638dc9815b6,0,7fe40811-7d3b-42b9-83ff-58eee06859d9,visit
1450541621,df4301d9-e1df-425e-8bf2-dcdc9853a3c5,2,9e577b56-47a2-4d6b-9754-baadb0472b79,purchase
1450541688,d98ab55d-d0e2-4e8d-9850-625c2764d6a4,0,4c553588-16dc-4337-b6d2-af5cbb0bea9b,click
1450541718,646afa9d-592b-4061-950b-202701737e94,1,7c141314-7b8a-48b5-845d-821fcbafed53,purchase
1450541885,9641ed5e-ce55-4897-8262-8bbea572e512,2,7fe40811-7d3b-42b9-83ff-58eee06859d9,click
1450541971,d0bc1028-3677-48ec-8685-07dc3e7791e7,0,426da729-1c9a-4705-ba95-81609304ab50,visit
1450541978,7f98b27a-ccd3-4308-a1ac-ee7a206b9638,2,9e577b56-47a2-4d6b-9754-baadb0472b79,click
1450542074,eacb60f1-a250-44d3-b1f6-9483bfdd2c59,0,426da729-1c9a-4705-ba95-81609304ab50,purchase
1450542091,f6488e0c-8556-49c0-b335-46cfe7fae7e8,1,58f4c3e2-dd3e-4abc-bfe1-967e43a6d84e,visit
1450542128,ecc341c2-c26f-48c9-a7d6-b99959b23b01,0,9e577b56-47a2-4d6b-9754-baadb0472b79,visit
1450542139,9a665755-e40b-4088-ad9a-536e3fce7867,2,6507f07f-be06-4355-9067-ab7dcba6a895,purchase
1450542199,61a4a058-cc66-4349-9e76-0b64a45b6cbb,1,a4bc67e6-9c4a-4e55-9d76-c3a19bcc225e,visit
1450542272,7b290bea-4df7-4f14-ab5b-6da16ef5b4e4,2,9e577b56-47a2-4d6b-9754-baadb0472b79,purchase
1450542631,1646ffa4-59a9-4027-96de-994b07c37589,0,58f4c3e2-dd3e-4abc-bfe1-967e43a6d84e,visit
1450542686,2f48d81c-d5f4-43c7-897e-53ded4e53944,1,7fe40811-7d3b-42b9-83ff-58eee06859d9,visit
1450542737,8e92dac0-3265-4d19-b43a-6249281ecd5a,1,6507f07f-be06-4355-9067-ab7dcba6a895,click
1450542788,8d293f24-76c0-45b3-b443-0d80d89e3f5f,0,426da729-1c9a-4705-ba95-81609304ab50,visit
1450542796,a955f3a8-95fc-4ab6-b09c-57de0564fe90,1,7c141314-7b8a-48b5-845d-821fcbafed53,click
1450542874,5281368a-327a-4723-a061-f6beedf8f3fa,2,426da729-1c9a-4705-ba95-81609304ab50,purchase
1450542913,a5e31a29-6d04-4ae5-a940-65cbdde8a51d,2,0adb6ada-6978-4d95-801f-b03289a6c12c,visit
1450543011,e68feef0-919f-4ee8-bc6d-05f9807d44fb,1,9e577b56-47a2-4d6b-9754-baadb0472b79,click
1450543027,1cea3a43-eef2-4272-9a32-18c66338eee0,0,4c553588-16dc-4337-b6d2-af5cbb0bea9b,click
1450543186,da4c45e1-5099-40c2-a931-7ab111736127,0,6507f07f-be06-4355-9067-ab7dcba6a895,visit
1450543370,2691dc63-8807-421c-9043-0a3e8b0ecc70,0,6507f07f-be06-4355-9067-ab7dcba6a895,visit
1450543410,04dea2ab-f08a-4739-8603-1c4e74d3d8a4,2,4c553588-16dc-4337-b6d2-af5cbb0bea9b,purchase
1450543414,114e706c-df96-4b83-9173-e2a0a2cca466,1,c51f66c9-9de0-457a-8f5d-4188b48c3e12,purchase
1450543495,323109f5-617e-48f1-be0e-5e594775d09b,2,7c141314-7b8a-48b5-845d-821fcbafed53,click
1450543582,ee7c9b7d-f1a2-4371-87d1-3e5dca898fd1,1,c51f66c9-9de0-457a-8f5d-4188b48c3e12,purchase
1450543597,323d9193-9d65-41f5-8660-51f1c3d36832,2,58f4c3e2-dd3e-4abc-bfe1-967e43a6d84e,purchase
1450543617,4f411ce0-192b-4a5f-8839-c6523e5e7f7e,2,c51f66c9-9de0-457a-8f5d-4188b48c3e12,visit
1450543625,d566094d-9aed-45ff-8980-535e987c5ee1,0,426da729-1c9a-4705-ba95-81609304ab50,click
1450543669,79096782-d113-4e71-a18a-fdec20633ac3,1,6507f07f-be06-4355-9067-ab7dcba6a895,purchase
1450543678,9e183573-cc65-4292-aea9-465c64d7a109,2,7fe40811-7d3b-42b9-83ff-58eee06859d9,purchase
1450543757,833dcc5f-81ff-4682-852c-85733fd289ee,0,c51f66c9-9de0-457a-8f5d-4188b48c3e12,purchase
1450543931,a0e33b18-458b-42a9-9264-ea5d4f340732,2,6507f07f-be06-4355-9067-ab7dcba6a895,visit
1450543946,95fd9d87-c978-468e-8fdf-6448dbaa6030,1,4c553588-16dc-4337-b6d2-af5cbb0bea9b,purchase
1450543975,86734623-0922-47e9-8784-9f1e4d19e726,2,7fe40811-7d3b-42b9-83ff-58eee06859d9,visit
1450544203,58c6155b-4052-4d3f-b76b-eb57f2a7e8e0,1,7c141314-7b8a-48b5-845d-821fcbafed53,visit
1450544302,268fb648-8b8b-4905-be99-895d14f2cca1,1,c51f66c9-9de0-457a-8f5d-4188b48c3e12,visit
1450544302,6da09f1e-e71f-4072-ab94-8c702500a103,0,7fe40811-7d3b-42b9-83ff-58eee06859d9,purchase
1450544325,de4eef4e-6538-4db4-ba0c-afa8f3bec157,1,4c553588-16dc-4337-b6d2-af5cbb0bea9b,click
1450544354,bd54301e-ea60-4e2b-a0cb-d134f7fea16d,1,9e577b56-47a2-4d6b-9754-baadb0472b79,purchase
1450544408,4e9c395a-cc2a-46cc-bcfe-0961e4daba75,0,9e577b56-47a2-4d6b-9754-baadb0472b79,purchase
1450544439,a1969aad-d5e3-493c-82aa-6939859e7b6d,1,426da729-1c9a-4705-ba95-81609304ab50,click
1450544668,6a2367a9-bd6b-4c84-ac9e-67d3753e0701,1,7fe40811-7d3b-42b9-83ff-58eee06859d9,purchase
1450544752,e42f71a9-fc23-453e-82b7-554a5682ed68,1,4c553588-16dc-4337-b6d2-af5cbb0bea9b,purchase
1450544808,bb79940c-442b-4b18-9257-0c103406b3ae,2,a4bc67e6-9c4a-4e55-9d76-c3a19bcc225e,click
1450544831,158a1c96-0a7a-4e16-9ce8-9ec7788e4d47,0,c51f66c9-9de0-457a-8f5d-4188b48c3e12,click
1450544864,32ad1b70-3843-4620-a670-ea4292e828db,0,9e577b56-47a2-4d6b-9754-baadb0472b79,visit
1450544936,5041fac5-0e68-4168-bc3b-810d0cc866b8,0,9e577b56-47a2-4d6b-9754-baadb0472b79,visit
1450545009,42748495-9a00-4daa-99e6-590262ebce39,0,9e577b56-47a2-4d6b-9754-baadb0472b79,purchase
1450545153,b7f057f6-e653-4298-9d79-405d151b42d7,0,58f4c3e2-dd3e-4abc-bfe1-967e43a6d84e,visit
1450545206,010c0e8c-6d32-460c-95dc-66f184dc992b,1,426da729-1c9a-4705-ba95-81609304ab50,visit
1450545382,c9c49ea4-9615-49da-8b22-9c7aa81ac715,2,58f4c3e2-dd3e-4abc-bfe1-967e43a6d84e,purchase
1450545397,840c3052-04ed-4817-9f4a-ca97b027f1d8,1,58f4c3e2-dd3e-4abc-bfe1-967e43a6d84e,visit
1450545598,1227f79b-6503-4d1c-9329-5d24f608113d,1,0adb6ada-6978-4d95-801f-b03289a6c12c,visit
1450545698,0f5a1424-c28e-447a-bc7c-ef9592d0f26b,2,9e577b56-47a2-4d6b-9754-baadb0472b79,visit
1450545875,3441eea8-83d8-49df-8f4b-bd7be13875d9,2,a4bc67e6-9c4a-4e55-9d76-c3a19bcc225e,visit
1450545888,c0694128-43ae-41be-8317-bc739dd6d9aa,2,9e577b56-47a2-4d6b-9754-baadb0472b79,purchase
1450545912,6226bfd5-26ce-4bbf-b2c4-36de9fcb5995,0,58f4c3e2-dd3e-4abc-bfe1-967e43a6d84e,visit
1450546052,aaee2c24-88a0-4bcd-9996-c192d1feb6bf,1,0adb6ada-6978-4d95-801f-b03289a6c12c,purchase
1450546138,95739ff2-f66c-4849-8a03-8cf60514317e,0,a4bc67e6-9c4a-4e55-9d76-c3a19bcc225e,purchase
1450546139,10b9c5ee-76ae-4cd8-8d41-ac6c194a4689,2,7c141314-7b8a-48b5-845d-821fcbafed53,purchase
1450546189,64f98ca2-1272-4d2c-aae7-37d026839e6f,0,c51f66c9-9de0-457a-8f5d-4188b48c3e12,visit
1450546407,3098eeb5-22b0-4ca6-b5d2-3e0e482027c9,1,a4bc67e6-9c4a-4e55-9d76-c3a19bcc225e,purchase
1450546489,3ac2d6c2-6d84-4a54-a2ed-6526c711ed6d,1,426da729-1c9a-4705-ba95-81609304ab50,visit
1450546577,86c95e60-e5e3-4114-9c1a-2a3b777b7d88,1,7c141314-7b8a-48b5-845d-821fcbafed53,visit
1450546921,2e4465f6-841e-4119-a2b1-bbb91e35610f,2,c51f66c9-9de0-457a-8f5d-4188b48c3e12,visit
1450546993,f019840b-a8ef-4cd3-8bac-d896e33f8886,2,6507f07f-be06-4355-9067-ab7dcba6a895,visit
1450547135,c5629c54-768f-41e5-8bd7-43a3b3fa6486,2,a4bc67e6-9c4a-4e55-9d76-c3a19bcc225e,click
1450547135,ceee60b1-256f-42f0-9623-c31604458dc9,0,9e577b56-47a2-4d6b-9754-baadb0472b79,purchase
1450547275,e333827d-c2ab-4039-a76c-9f12530a6c8b,2,4c553588-16dc-4337-b6d2-af5cbb0bea9b,visit
1450547292,7b867841-f6fb-4436-91c5-421e799786f5,2,a4bc67e6-9c4a-4e55-9d76-c3a19bcc225e,purchase
1450547623,b00ac7aa-d39b-419a-942a-f043e8f7072d,0,7fe40811-7d3b-42b9-83ff-58eee06859d9,purchase
1450547716,ac98853e-7c73-48ec-a028-15eb5c367c0e,0,0adb6ada-6978-4d95-801f-b03289a6c12c,click
1450547761,e31731d8-a460-452d-b4e3-8ca94c447758,0,7c141314-7b8a-48b5-845d-821fcbafed53,purchase
1450547803,d93806f0-355f-4b88-ba89-af45c24af7d2,1,4c553588-16dc-4337-b6d2-af5cbb0bea9b,visit
1450547807,2b1e9da8-52b9-4b4c-8f4c-27d292b0adc9,1,9e577b56-47a2-4d6b-9754-baadb0472b79,click
1450547876,44743297-c93b-45d2-bfd1-96d074c38ebb,1,9e577b56-47a2-4d6b-9754-baadb0472b79,click
1450547876,cdd3e4d9-4947-41fc-8493-bf2cc22dc904,0,426da729-1c9a-4705-ba95-81609304ab50,click
1450547883,bbfaea5d-6fd1-4561-9850-de1d7260ec03,1,0adb6ada-6978-4d95-801f-b03289a6c12c,visit
1450547903,4b7a4e2a-543e-4822-9799-893c4e69f858,2,a4bc67e6-9c4a-4e55-9d76-c3a19bcc225e,visit
1450547906,3f1b85c8-02a7-4ced-8496-2fedbf1289b3,2,6507f07f-be06-4355-9067-ab7dcba6a895,click
1450548004,75f48fa9-96d2-40e7-b6cc-d62db797c24a,1,426da729-1c9a-4705-ba95-81609304ab50,purchase
1450548099,6156f54a-feb6-458a-8493-2825148801f4,1,c51f66c9-9de0-457a-8f5d-4188b48c3e12,visit
1450548291,ae55b86b-507a-49eb-beb9-4741648aaea1,0,0adb6ada-6978-4d95-801f-b03289a6c12c,visit
1450548444,674a6ca5-393f-4208-9cb8-215d2c964838,2,426da729-1c9a-4705-ba95-81609304ab50,purchase
1450548483,aeea3be3-ed30-4317-8bda-b39d4f868a47,2,0adb6ada-6978-4d95-801f-b03289a6c12c,click
1450548546,c38e52d5-cf06-4162-b014-39229f0ed4eb,2,9e577b56-47a2-4d6b-9754-baadb0472b79,purchase
1450548549,b3753462-50c3-4abe-9fb7-887c99e37af0,1,7c141314-7b8a-48b5-845d-821fcbafed53,purchase
1450548809,1fe7a9ba-510a-47b6-bb0d-4913340bf2ff,2,0adb6ada-6978-4d95-801f-b03289a6c12c,visit
1450549275,d0235851-697f-4515-816c-11dcfc947aad,1,0adb6ada-6978-4d95-801f-b03289a6c12c,purchase
1450549347,2bb8b131-7b8e-44e6-85d2-0710cf4b9a7a,2,4c553588-16dc-4337-b6d2-af5cbb0bea9b,visit
1450549357,5ea0d453-7691-48ae-ade6-e50341c33b41,1,7c141314-7b8a-48b5-845d-821fcbafed53,visit
1450549455,1de13e2d-0092-400f-b863-b8dc462a3d75,1,7c141314-7b8a-48b5-845d-821fcbafed53,click
1450549483,8caa7243-c292-4ea4-bc75-479b645d2b82,1,6507f07f-be06-4355-9067-ab7dcba6a895,purchase
1450549564,1cc1173b-e675-48d5-83d2-6d1eb82ac3b6,0,9e577b56-47a2-4d6b-9754-baadb0472b79,purchase
1450550080,bea6cc76-03f5-49d1-99f2-516b7ffda79c,0,9e577b56-47a2-4d6b-9754-baadb0472b79,purchase
1450550093,bfc7c449-c7db-49e4-ad7d-b229944fa3cf,1,9e577b56-47a2-4d6b-9754-baadb0472b79,visit
1450550136,f3974e6b-c3d2-446d-a91b-764e126d4193,0,7c141314-7b8a-48b5-845d-821fcbafed53,visit
1450550479,0a0465a2-5db6-43b9-af10-1d0836201df3,0,7c141314-7b8a-48b5-845d-821fcbafed53,visit
1450550526,864ca605-a583-4ea2-b335-2821943e56cb,1,c51f66c9-9de0-457a-8f5d-4188b48c3e12,visit
1450550527,72b0de39-6cbd-485e-8a20-bc9ec23fece8,0,c51f66c9-9de0-457a-8f5d-4188b48c3e12,visit
1450550653,fea8c79f-2844-4aa4-b419-06eaff2c3614,2,4c553588-16dc-4337-b6d2-af5cbb0bea9b,purchase
1450550656,7688ff83-80e5-49e4-9f62-230028890a0c,0,7c141314-7b8a-48b5-845d-821fcbafed53,click
1450550667,9411e059-85e8-46d5-a9fc-494f00ed4ea6,1,9e577b56-47a2-4d6b-9754-baadb0472b79,purchase
1450550718,c76717db-4de0-4f67-88f7-7ebeba5ed40e,0,6507f07f-be06-4355-9067-ab7dcba6a895,visit
1450550753,1487bd77-e09d-4346-8941-d7a07d23ede9,2,426da729-1c9a-4705-ba95-81609304ab50,click
1450550829,d7bed715-fc0a-4032-b128-f29913b96ceb,0,a4bc67e6-9c4a-4e55-9d76-c3a19bcc225e,click
1450550909,1d5905d7-c23d-4359-b651-b712043820a8,1,a4bc67e6-9c4a-4e55-9d76-c3a19bcc225e,purchase
1450551035,d2fc6195-01e1-4986-a861-cbce9de6916b,1,c51f66c9-9de0-457a-8f5d-4188b48c3e12,visit
1450551166,21c5cc56-f1d7-4a23-887b-3a2397c8a9ce,2,a4bc67e6-9c4a-4e55-9d76-c3a19bcc225e,visit
1450551224,e3344c48-bdba-4069-8fc7-d259b58553c9,1,426da729-1c9a-4705-ba95-81609304ab50,visit
1450551286,78e1724a-bdb1-488f-89ed-b8772f62ccd3,1,58f4c3e2-dd3e-4abc-bfe1-967e43a6d84e,visit
1450551418,effc2308-9186-420e-bd20-4dd66fa142e8,1,6507f07f-be06-4355-9067-ab7dcba6a895,visit
1450551450,cc75e1d3-f57f-4ba0-9fa0-3ae4d1cebe83,2,7c141314-7b8a-48b5-845d-821fcbafed53,click
1450551492,2e02ef94-435c-4705-a6bc-0cd4e1ebbbb6,0,9e577b56-47a2-4d6b-9754-baadb0472b79,click
1450551508,9674f9b1-084e-4393-b0b9-efeb0a8441b0,0,4c553588-16dc-4337-b6d2-af5cbb0bea9b,click
1450551527,b2fef8a4-8939-4333-ab5a-a988f9d533a0,0,6507f07f-be06-4355-9067-ab7dcba6a895,click
1450551548,ea836e86-ebff-4f9c-a5ce-51b7259739a5,0,0adb6ada-6978-4d95-801f-b03289a6c12c,click
1450551625,d23cb0f0-a553-4210-90de-eba4f05f8e85,0,a4bc67e6-9c4a-4e55-9d76-c3a19bcc225e,click
1450551710,1ffffdc2-2278-41f0-96d9-4689466338e8,1,9e577b56-47a2-4d6b-9754-baadb0472b79,visit
1450551723,b0447f17-4cb9-40e9-bf30-ceb21805f3cb,1,c51f66c9-9de0-457a-8f5d-4188b48c3e12,purchase
1450552039,6cdc3934-4b2f-4fcc-9591-e49f3cf76672,0,426da729-1c9a-4705-ba95-81609304ab50,click
1450552043,f4cfdbae-adb7-4ba3-8ae1-d43e7c61a864,1,9e577b56-47a2-4d6b-9754-baadb0472b79,visit
1450552054,7a84f612-97e5-4b23-90e8-8539c37f7f62,1,7c141314-7b8a-48b5-845d-821fcbafed53,click
1450552096,4c065f9e-c998-433b-8cd9-54f5f0f884ea,0,58f4c3e2-dd3e-4abc-bfe1-967e43a6d84e,click
1450552270,39a6a5c3-e261-498b-8496-a684640a99a8,0,9e577b56-47a2-4d6b-9754-baadb0472b79,visit
1450552279,8f77ff2c-db84-4128-b04e-a3e7973a2e3b,1,6507f07f-be06-4355-9067-ab7dcba6a895,click
1450552377,6641ed8e-ad44-4a28-983b-590eb6237d20,2,58f4c3e2-dd3e-4abc-bfe1-967e43a6d84e,purchase
1450552513,5194e28f-9ac3-465b-9875-659e574ac148,1,58f4c3e2-dd3e-4abc-bfe1-967e43a6d84e,purchase
1450552636,25a9e049-bcb6-447f-aecd-e4c93cda466f,0,0adb6ada-6978-4d95-801f-b03289a6c12c,purchase
1450552683,228f145c-911a-48f9-bee3-1c96c556b297,2,4c553588-16dc-4337-b6d2-af5cbb0bea9b,visit
1450552719,f75ec2a0-4fe8-4be7-8386-ad73064efb70,1,4c553588-16dc-4337-b6d2-af5cbb0bea9b,click
1450552729,1be78f98-07fe-43ad-8761-dede0c65fc4b,2,7c141314-7b8a-48b5-845d-821fcbafed53,purchase
1450552768,e22da471-aaba-40cf-83c5-47c2fdc2bc3e,0,58f4c3e2-dd3e-4abc-bfe1-967e43a6d84e,purchase
1450552803,c40a0653-0490-4bcf-8e04-8b1b09a39ed2,2,c51f66c9-9de0-457a-8f5d-4188b48c3e12,click
1450552888,ea14c976-5226-4afb-8888-ae90045b6705,1,a4bc67e6-9c4a-4e55-9d76-c3a19bcc225e,click
1450552979,c114ffcd-a725-4f76-b905-45745460961f,0,a4bc67e6-9c4a-4e55-9d76-c3a19bcc225e,purchase
1450552996,e2f09b03-7904-4952-8c26-f8c79d77a68c,0,6507f07f-be06-4355-9067-ab7dcba6a895,visit
1450553016,d6ec9a6e-a2c5-4afd-9991-5dfa4c4c24ac,1,a4bc67e6-9c4a-4e55-9d76-c3a19bcc225e,visit
1450553065,d6646c7a-ad29-42be-a4b5-8db1df07bfbb,1,c51f66c9-9de0-457a-8f5d-4188b48c3e12,purchase
1450553078,f4e1a6c7-3925-4351-a803-fca9b364dd8a,2,4c553588-16dc-4337-b6d2-af5cbb0bea9b,visit
1450553232,f978c8c0-8055-4d17-8a0f-f07b60150902,1,a4bc67e6-9c4a-4e55-9d76-c3a19bcc225e,click
1450553301,325efa1f-76cc-48c0-b16b-4a474e3dd6a1,0,0adb6ada-6978-4d95-801f-b03289a6c12c,click
1450553360,86b0f0d4-abb2-4d72-9d6a-4a134ab6472b,1,9e577b56-47a2-4d6b-9754-baadb0472b79,click
1450553631,c3f5ad03-0f35-40b2-8851-b5bb2671f589,2,c51f66c9-9de0-457a-8f5d-4188b48c3e12,click
1450553904,ac95921d-db2a-423b-b4ab-066905feb303,1,a4bc67e6-9c4a-4e55-9d76-c3a19bcc225e,visit
1450553941,bb85f861-749e-4314-9914-3dd052bb43f6,1,7fe40811-7d3b-42b9-83ff-58eee06859d9,purchase
1450554125,64d082a9-d5e4-42a7-b10c-2069d418383d,1,58f4c3e2-dd3e-4abc-bfe1-967e43a6d84e,purchase
1450554284,f6f007b3-28a4-47e7-bd1e-0aa1ad6b5f26,1,0adb6ada-6978-4d95-801f-b03289a6c12c,click
1450554446,56d9e565-42b3-4b7b-a0d2-b8a860bb53ca,2,0adb6ada-6978-4d95-801f-b03289a6c12c,visit
1450554540,b1706091-85c1-4bec-b71c-6874b2ac0939,2,c51f66c9-9de0-457a-8f5d-4188b48c3e12,visit
1450554565,739c6d74-7c3d-4e7d-9c0a-1b7e20fe6a2a,0,4c553588-16dc-4337-b6d2-af5cbb0bea9b,visit
1450554613,43503134-9d1a-4ee2-8c38-b617731e6183,2,58f4c3e2-dd3e-4abc-bfe1-967e43a6d84e,purchase
1450554712,f5ea274b-2731-426d-9eaf-083c720ca67b,1,7c141314-7b8a-48b5-845d-821fcbafed53,purchase
1450555112,d95e58d8-79d2-4112-9f73-b0e281bb0ee5,1,9e577b56-47a2-4d6b-9754-baadb0472b79,purchase
1450555309,bbec3b3b-d481-44c1-89b0-7933fff9b954,1,7fe40811-7d3b-42b9-83ff-58eee06859d9,purchase
1450555321,0fc688d9-6a97-4602-bacb-a8d9878160da,2,7fe40811-7d3b-42b9-83ff-58eee06859d9,visit
1450555530,b9c91697-272c-4da8-b229-45bab8f5808c,0,6507f07f-be06-4355-9067-ab7dcba6a895,click
1450555551,6aac19fe-bfc3-4e3e-8248-6c3dc4419287,2,a4bc67e6-9c4a-4e55-9d76-c3a19bcc225e,click
1450555626,73df0225-3e45-4310-abd6-c78b3c48bfe5,1,4c553588-16dc-4337-b6d2-af5cbb0bea9b,purchase
1450555671,b23546b9-34d3-4be3-83d5-53134d6ef2c0,1,7fe40811-7d3b-42b9-83ff-58eee06859d9,visit
1450555671,3f637f3c-0463-484d-821e-bdb7cea1e4f3,2,6507f07f-be06-4355-9067-ab7dcba6a895,visit
1450555813,a313c06c-e73f-429b-84d4-13a9f94f56be,0,c51f66c9-9de0-457a-8f5d-4188b48c3e12,click
1450555815,f53118cb-d53a-484c-91ce-6e4f19e161cc,2,4c553588-16dc-4337-b6d2-af5cbb0bea9b,visit
1450555841,78959f1c-d26e-4a24-953c-54e4a57e3b16,2,426da729-1c9a-4705-ba95-81609304ab50,purchase
1450555921,243b5fdb-26ae-4af2-bb81-c28aad2edfa0,2,a4bc67e6-9c4a-4e55-9d76-c3a19bcc225e,visit
1450555965,3887a3be-2ae7-4965-bcfe-8f2f893f4f13,1,6507f07f-be06-4355-9067-ab7dcba6a895,visit
1450556103,5d8d63c4-5912-487e-8820-8ea5bc1fbb38,2,58f4c3e2-dd3e-4abc-bfe1-967e43a6d84e,click
1450556135,54600cbc-fb3c-4807-a9ce-3cdd8668e975,0,9e577b56-47a2-4d6b-9754-baadb0472b79,visit
1450556136,c0c634b6-1636-483d-8be1-a5ab3ef67791,2,6507f07f-be06-4355-9067-ab7dcba6a895,visit
1450556148,7cfc651a-d7fe-4596-b4da-03d0b6d8feb6,1,6507f07f-be06-4355-9067-ab7dcba6a895,visit
1450556202,3c55821f-3cdb-41e4-ba2a-f572c81c1065,0,7c141314-7b8a-48b5-845d-821fcbafed53,visit
1450556250,07a7d4aa-60aa-4dd5-98e1-f9857ca1fc6f,2,6507f07f-be06-4355-9067-ab7dcba6a895,click
1450556317,40ed45f0-aea4-4a23-8cdc-549e3d46f966,0,0adb6ada-6978-4d95-801f-b03289a6c12c,visit
1450556479,d06a6c26-99a1-4d75-bc08-63c55f685510,1,c51f66c9-9de0-457a-8f5d-4188b48c3e12,visit
1450556678,19cf73ba-00ef-4c92-a5fe-9e134293e9e4,0,9e577b56-47a2-4d6b-9754-baadb0472b79,purchase
1450556750,4e9806b9-bca9-44d7-b8a7-963a110031c6,1,58f4c3e2-dd3e-4abc-bfe1-967e43a6d84e,click
1450556757,7d136fbf-f1f7-4f9e-a044-be6d20162dbd,2,7c141314-7b8a-48b5-845d-821fcbafed53,visit
1450556770,9d9b16de-8972-4642-ae3b-0e2bd773dd8f,1,0adb6ada-6978-4d95-801f-b03289a6c12c,visit
1450556789,9c7252b0-3e8d-42b3-9ab7-8026d05cf668,2,6507f07f-be06-4355-9067-ab7dcba6a895,visit
1450556966,665fdc1d-91ab-4aac-920b-e35ff50b838e,1,426da729-1c9a-4705-ba95-81609304ab50,purchase
1450556995,dab68404-4f12-4eb7-b1b1-bf974954b436,2,7c141314-7b8a-48b5-845d-821fcbafed53,visit
1450557088,c76597b9-dcf9-4f81-b10d-86819ac90911,2,6507f07f-be06-4355-9067-ab7dcba6a895,purchase
1450557147,0f608143-7621-4b31-aec6-a333933c4c4c,1,9e577b56-47a2-4d6b-9754-baadb0472b79,visit
1450557169,24b1f589-5bfc-4825-835a-6848f431f2cd,2,9e577b56-47a2-4d6b-9754-baadb0472b79,visit
1450557541,5d82e6f6-1438-48d9-8c21-dca2be18a106,1,7fe40811-7d3b-42b9-83ff-58eee06859d9,visit
1450557665,63ac1a5c-90e8-4e0b-8344-2eca95abb5ed,1,c51f66c9-9de0-457a-8f5d-4188b48c3e12,purchase
1450557743,a1610733-c8ee-4ae4-b8e2-2bcbac9773a7,0,7fe40811-7d3b-42b9-83ff-58eee06859d9,purchase
1450557758,5bfdcd3b-11c3-42d1-93e9-40fb2f82b078,1,6507f07f-be06-4355-9067-ab7dcba6a895,purchase
1450557795,ec73c1ff-56ad-4b25-801e-e628977dc036,2,9e577b56-47a2-4d6b-9754-baadb0472b79,click
1450557888,b26f8f48-6971-4eaf-80fb-adf7375731be,0,6507f07f-be06-4355-9067-ab7dcba6a895,purchase
1450557944,41313c84-5b26-4494-ac88-5d3dd05c44d4,0,0adb6ada-6978-4d95-801f-b03289a6c12c,purchase
1450558154,ff07c289-a352-4e3c-b367-1d9e38e9a549,1,4c553588-16dc-4337-b6d2-af5cbb0bea9b,click
1450558166,7ab2d87f-e0a1-40b2-be16-2d6df05a5f96,2,a4bc67e6-9c4a-4e55-9d76-c3a19bcc225e,purchase
1450558202,8d09fc6d-3e8e-405f-912c-ec224d17fcad,0,a4bc67e6-9c4a-4e55-9d76-c3a19bcc225e,visit
1450558204,c85cb641-9642-4c34-a24e-a31007ee4a22,2,c51f66c9-9de0-457a-8f5d-4188b48c3e12,purchase
1450558297,6060ef43-21ac-4321-be4a-de7b45c7cee4,1,c51f66c9-9de0-457a-8f5d-4188b48c3e12,click
1450558320,3e0662a1-1087-43c8-97ef-9c935e288fe7,1,0adb6ada-6978-4d95-801f-b03289a6c12c,click
1450558343,66528919-b1b2-4f4a-9988-80749c164a52,0,7c141314-7b8a-48b5-845d-821fcbafed53,purchase
1450558374,4efda7ea-96a2-4431-bb5a-687fdbf09fa7,1,c51f66c9-9de0-457a-8f5d-4188b48c3e12,click
1450558390,d0dd487d-a103-4316-b360-24a1f59447c6,2,6507f07f-be06-4355-9067-ab7dcba6a895,click
1450558415,f0a4d2d9-ec78-4950-9218-792242f649c1,0,9e577b56-47a2-4d6b-9754-baadb0472b79,visit
1450558553,09772fda-fd11-4f66-b3ff-ff6e8bf8c50c,0,4c553588-16dc-4337-b6d2-af5cbb0bea9b,click
1450558724,e94098ca-52bf-42ed-a6b6-c80e45f273dd,2,c51f66c9-9de0-457a-8f5d-4188b48c3e12,visit
1450558917,4abe0b98-66de-4278-b67a-550e0959f7cf,2,a4bc67e6-9c4a-4e55-9d76-c3a19bcc225e,click
1450558932,c57f569a-350d-4e01-b102-1803b6730ce1,1,c51f66c9-9de0-457a-8f5d-4188b48c3e12,purchase
1450558963,b23226cb-da15-4014-882f-927cfe14fc55,2,4c553588-16dc-4337-b6d2-af5cbb0bea9b,purchase
1450559030,0f42b681-f8f3-48b3-a186-dfc6535695b3,1,9e577b56-47a2-4d6b-9754-baadb0472b79,click
1450559207,9f3423ef-a71b-4d9c-8e8f-238741c6c5b2,1,6507f07f-be06-4355-9067-ab7dcba6a895,purchase
1450559264,55fedc39-1b3f-4c38-b8ab-2188c747fb98,0,6507f07f-be06-4355-9067-ab7dcba6a895,visit
1450559331,bcd13541-b3f3-48a5-b591-b9867199e805,0,a4bc67e6-9c4a-4e55-9d76-c3a19bcc225e,visit
1450559422,bd3e6c67-8495-4d9a-9142-d17f77d06c73,0,4c553588-16dc-4337-b6d2-af5cbb0bea9b,click
1450559455,b46ef399-034d-4de7-b29d-52d6901628f1,2,9e577b56-47a2-4d6b-9754-baadb0472b79,purchase
1450559463,ccd665a8-6858-4952-b6e5-fbe87e55a753,1,58f4c3e2-dd3e-4abc-bfe1-967e43a6d84e,click
1450559545,173bb8ad-8afe-43ef-a85b-d99ef84438f7,1,7fe40811-7d3b-42b9-83ff-58eee06859d9,purchase
1450559550,51ce6c2f-9dd2-40f7-8e9d-b0e0e31d97d5,0,9e577b56-47a2-4d6b-9754-baadb0472b79,visit
1450559598,e0a50755-a05c-493e-bf81-ea872bc6178c,2,58f4c3e2-dd3e-4abc-bfe1-967e43a6d84e,visit
1450559653,0a2ecd49-7e65-4035-8871-09d79a12f2df,1,58f4c3e2-dd3e-4abc-bfe1-967e43a6d84e,purchase
1450559685,e9aaca30-cc7e-4744-88fc-f29b448e1a19,2,7c141314-7b8a-48b5-845d-821fcbafed53,purchase
1450559924,78e3bf44-4654-427f-9dbe-9495436aa61e,1,6507f07f-be06-4355-9067-ab7dcba6a895,visit
1450559943,d3ed9b8f-26ba-4640-b64d-cec32681cef5,2,58f4c3e2-dd3e-4abc-bfe1-967e43a6d84e,purchase
1450560022,a9412f7d-b644-4307-8ed3-b6f135febbfb,0,6507f07f-be06-4355-9067-ab7dcba6a895,purchase
1450560098,297d2654-89ae-439a-95ed-609bf22066e5,2,4c553588-16dc-4337-b6d2-af5cbb0bea9b,purchase
1450560196,9795070c-e01e-4013-9ebd-715a4715e1c4,0,a4bc67e6-9c4a-4e55-9d76-c3a19bcc225e,click
1450560424,afa44f86-c996-4eea-a182-a60e0959da12,2,c51f66c9-9de0-457a-8f5d-4188b48c3e12,click
1450560446,4b93c8bb-b607-4264-9cee-15b56adba563,2,7fe40811-7d3b-42b9-83ff-58eee06859d9,visit
1450560489,9cc5c2a2-e0fc-41c4-b07b-4e1aef504783,0,426da729-1c9a-4705-ba95-81609304ab50,purchase
1450560589,27e4d3a6-0f4c-4214-9bdc-cdb914f9cc21,0,0adb6ada-6978-4d95-801f-b03289a6c12c,visit
1450560665,622e5b1d-816f-4b5c-b93d-546d76b41b86,0,58f4c3e2-dd3e-4abc-bfe1-967e43a6d84e,purchase
1450560732,45f43975-87d2-4b59-bf71-7cb952878b40,1,4c553588-16dc-4337-b6d2-af5cbb0bea9b,purchase
1450560736,9d905abd-5aaf-4999-9d34-1b1875139a26,0,c51f66c9-9de0-457a-8f5d-4188b48c3e12,purchase
1450560989,09edac58-440f-4eb4-ad66-22afcfd95042,2,9e577b56-47a2-4d6b-9754-baadb0472b79,click
1450561009,2f026bed-82d8-4322-9cca-ab9a0fa6ab9d,2,0adb6ada-6978-4d95-801f-b03289a6c12c,visit
1450561248,fb98f5ed-0d9f-4f18-b229-624e91593521,1,58f4c3e2-dd3e-4abc-bfe1-967e43a6d84e,click
1450561332,03d47c4b-6dd3-4c7e-bff2-74c6fec936a6,1,9e577b56-47a2-4d6b-9754-baadb0472b79,purchase
1450561473,220bec3e-176a-4bdd-9474-c7449653d928,0,a4bc67e6-9c4a-4e55-9d76-c3a19bcc225e,visit
1450561599,672cb908-ec9f-44ab-ab9a-69bb0c04634f,0,7c141314-7b8a-48b5-845d-821fcbafed53,click
1450561653,54efe016-ed0e-4ff1-9b40-f958eb8896d1,2,426da729-1c9a-4705-ba95-81609304ab50,click
1450561771,02554ad9-14a0-4f25-9983-1ef1dcf9c695,1,a4bc67e6-9c4a-4e55-9d76-c3a19bcc225e,visit
1450561864,f3ec8333-4832-4c95-be0d-ad503ba334f9,0,6507f07f-be06-4355-9067-ab7dcba6a895,click
1450562028,a9d68f5a-ec76-4f1b-be87-53ff5b7d49b0,2,58f4c3e2-dd3e-4abc-bfe1-967e43a6d84e,purchase
1450562177,4b8070d9-ded6-4780-b5d9-311b0af2a953,2,426da729-1c9a-4705-ba95-81609304ab50,visit
1450562205,e1963373-86dd-4584-a9d3-38bf2a659ef2,2,7fe40811-7d3b-42b9-83ff-58eee06859d9,visit
1450562279,2bb0d8ed-0a05-4909-9b40-5caaa51775b4,1,a4bc67e6-9c4a-4e55-9d76-c3a19bcc225e,purchase
1450562361,7e86e7ca-d78b-4033-a462-22bad1f20a3f,1,9e577b56-47a2-4d6b-9754-baadb0472b79,visit
1450562776,e2c26c45-ade4-4339-891c-344b08a2fef7,0,7fe40811-7d3b-42b9-83ff-58eee06859d9,click
1450562836,5440983a-3fc0-42ff-8e88-99c0665a203c,0,7fe40811-7d3b-42b9-83ff-58eee06859d9,click
1450562841,e09defae-a089-4298-ae5a-9e8f610ea519,1,0adb6ada-6978-4d95-801f-b03289a6c12c,purchase
1450562982,2cecb955-0bf4-4a94-8848-fe6336e6c531,1,426da729-1c9a-4705-ba95-81609304ab50,purchase
1450563285,c7c0ee90-f938-4f0d-be45-9806d512b139,0,a4bc67e6-9c4a-4e55-9d76-c3a19bcc225e,click
1450563351,eec4726d-b691-44a9-aa59-cb3599008220,2,7fe40811-7d3b-42b9-83ff-58eee06859d9,visit
1450563443,7d393b9e-a2aa-4477-8589-b81724c9d5ad,0,7c141314-7b8a-48b5-845d-821fcbafed53,purchase
1450563519,cb96d21f-ee34-4ddf-a930-7d9ea57ab4ac,1,7c141314-7b8a-48b5-845d-821fcbafed53,click
1450563526,cc52cd28-b3ba-47e8-a126-c39bcebf8b62,2,a4bc67e6-9c4a-4e55-9d76-c3a19bcc225e,click
1450563703,76b35c9d-ee1c-4b09-8467-7dcd99b0d020,2,6507f07f-be06-4355-9067-ab7dcba6a895,purchase
1450563882,17d1fa03-6a8c-4b60-aca8-5c49bd482a3c,0,9e577b56-47a2-4d6b-9754-baadb0472b79,purchase
1450563946,149fafc9-1e3d-4907-b62c-e28cc9484839,1,6507f07f-be06-4355-9067-ab7dcba6a895,click
1450564048,fe9ad0bb-e8c8-4bae-af0a-109379b65ac4,2,c51f66c9-9de0-457a-8f5d-4188b48c3e12,purchase
1450564105,3697aa51-aaab-4a6a-ac84-3bae6931e140,1,7fe40811-7d3b-42b9-83ff-58eee06859d9,click
1450564128,453ce0fd-1a31-468c-a1c3-60e3af778a6d,0,7fe40811-7d3b-42b9-83ff-58eee06859d9,purchase
1450564327,a515a1f8-b5c6-4f75-8e5a-42a14917c3b4,2,a4bc67e6-9c4a-4e55-9d76-c3a19bcc225e,purchase
1450564455,d723a971-bc3b-4c30-8e9f-163afee6ca21,2,6507f07f-be06-4355-9067-ab7dcba6a895,click
1450564463,b0691ce6-b07e-4681-af4b-46b8ed2387be,0,9e577b56-47a2-4d6b-9754-baadb0472b79,visit
1450564543,e33f25f1-17ff-4720-b86d-6a47f84c0ade,2,58f4c3e2-dd3e-4abc-bfe1-967e43a6d84e,visit
1450564586,4dcef6f4-e728-499f-b8be-093511761870,0,a4bc67e6-9c4a-4e55-9d76-c3a19bcc225e,purchase
1450564656,60aaf978-c7f8-4a2f-b0ff-00aecc1e47b6,1,7c141314-7b8a-48b5-845d-821fcbafed53,visit
1450564843,4375d93e-e6e2-4428-9081-c4bd0c598d42,0,6507f07f-be06-4355-9067-ab7dcba6a895,visit
1450564848,8e786e4e-2841-4f35-8209-0b128721076d,2,7fe40811-7d3b-42b9-83ff-58eee06859d9,click
1450564869,110a1280-a271-4bf5-8032-3c2d38f39234,0,58f4c3e2-dd3e-4abc-bfe1-967e43a6d84e,click
1450564938,3f02163a-c077-4f66-9c21-78ca3f1e54da,0,58f4c3e2-dd3e-4abc-bfe1-967e43a6d84e,click
1450565363,c0c1215d-32e4-4d36-98e1-481e25732dc6,0,6507f07f-be06-4355-9067-ab7dcba6a895,visit
1450565415,ebe7e22c-309d-42e0-917b-67786906e5e0,1,58f4c3e2-dd3e-4abc-bfe1-967e43a6d84e,visit
1450565650,2b001b67-f602-40a5-be56-417428f55524,1,7fe40811-7d3b-42b9-83ff-58eee06859d9,click
1450565666,4e428863-f0b6-4b9f-ad7a-7615ff6da470,0,c51f66c9-9de0-457a-8f5d-4188b48c3e12,visit
1450565667,bd410e08-3fbe-41bc-a8e1-8289596e0887,2,a4bc67e6-9c4a-4e55-9d76-c3a19bcc225e,purchase
1450565742,e65214b7-7730-4835-ad55-9f2e2a93f721,2,58f4c3e2-dd3e-4abc-bfe1-967e43a6d84e,purchase
1450565759,955a0496-f270-4433-a84e-853a3cb2ad65,0,58f4c3e2-dd3e-4abc-bfe1-967e43a6d84e,click
1450565807,9914f84a-0c7c-4727-8cea-ee4349446cfd,1,4c553588-16dc-4337-b6d2-af5cbb0bea9b,purchase
1450565853,e8125465-b322-47ca-ad57-926652f64c0a,1,6507f07f-be06-4355-9067-ab7dcba6a895,purchase
1450565869,af8169f3-d942-46e5-ac70-21eb0348acbb,1,4c553588-16dc-4337-b6d2-af5cbb0bea9b,purchase
1450565908,4a651f16-b4b6-46ed-aaba-647c6cc1b281,1,c51f66c9-9de0-457a-8f5d-4188b48c3e12,purchase
1450565956,1d10c207-18e6-4ca3-a23e-f39fc0f9e9c1,1,7fe40811-7d3b-42b9-83ff-58eee06859d9,visit
1450565980,5904e40c-fb26-4be5-8fd8-7100dd59642a,2,7c141314-7b8a-48b5-845d-821fcbafed53,visit
1450566115,523fb3d2-12cd-42c3-9660-a2de4c2e5b2a,0,426da729-1c9a-4705-ba95-81609304ab50,purchase
1450566202,f55a964b-063f-423b-ac8e-0f6eff017c14,1,4c553588-16dc-4337-b6d2-af5cbb0bea9b,purchase
1450566235,e0b4a714-202d-4eba-94bf-d3084b88bd0e,0,a4bc67e6-9c4a-4e55-9d76-c3a19bcc225e,visit
1450566262,335428b4-b609-4105-a3b3-68375851bdb8,1,9e577b56-47a2-4d6b-9754-baadb0472b79,click
1450566407,b9960b6d-5ed5-40a3-a657-34e49e9d10e9,0,58f4c3e2-dd3e-4abc-bfe1-967e43a6d84e,purchase
1450566415,85444f63-cb6c-45cd-90bd-b97ddc85d2b7,0,7fe40811-7d3b-42b9-83ff-58eee06859d9,visit
1450566431,6ab7281a-b13c-4901-8c6d-94c38cadc134,0,4c553588-16dc-4337-b6d2-af5cbb0bea9b,purchase
1450566444,b8e82c15-d114-4fd1-bbaa-e414e0907361,2,c51f66c9-9de0-457a-8f5d-4188b48c3e12,purchase
1450566455,d1f5d555-d645-4559-848e-d47991d859d5,2,7fe40811-7d3b-42b9-83ff-58eee06859d9,visit
1450566463,94f75419-efe5-48c3-8cfa-f86b67831018,0,6507f07f-be06-4355-9067-ab7dcba6a895,visit
1450566524,05876978-d72e-4478-aafd-27928045cebf,1,426da729-1c9a-4705-ba95-81609304ab50,click
1450566631,70148725-0d84-4f3e-800f-a1968552b069,2,0adb6ada-6978-4d95-801f-b03289a6c12c,purchase
1450566722,6e943591-eaa3-452f-8771-b7ef64f384a4,2,a4bc67e6-9c4a-4e55-9d76-c3a19bcc225e,purchase
1450566737,bf61eb83-10a0-4cdd-8008-9b8a5648ea25,0,c51f66c9-9de0-457a-8f5d-4188b48c3e12,purchase
1450566894,2bddd08a-df3c-4bfd-a512-92ab72537daa,1,a4bc67e6-9c4a-4e55-9d76-c3a19bcc225e,click
1450567026,8fbd1b12-87b9-4451-918d-1147b70ebc38,0,7fe40811-7d3b-42b9-83ff-58eee06859d9,visit
1450567156,44fed975-7757-484e-b843-09bb7f3f52d6,0,426da729-1c9a-4705-ba95-81609304ab50,visit
1450567315,e7d96402-863e-410e-bb19-cbf3f32606e9,2,c51f66c9-9de0-457a-8f5d-4188b48c3e12,purchase
1450567380,6c444352-0860-46d6-a08f-84815a5c4d00,1,7c141314-7b8a-48b5-845d-821fcbafed53,click
1450567407,ce7a63db-787d-44c1-bb56-c58b7709c293,2,0adb6ada-6978-4d95-801f-b03289a6c12c,purchase
1450567463,7ce9161a-66b8-4590-beec-055259f16d22,1,0adb6ada-6978-4d95-801f-b03289a6c12c,purchase
1450567502,f0cae667-e6d2-4f89-8887-6c4fb47a7ec0,0,c51f66c9-9de0-457a-8f5d-4188b48c3e12,purchase
1450567656,345b04fd-46b4-4e55-b7fb-4796859eb870,1,58f4c3e2-dd3e-4abc-bfe1-967e43a6d84e,visit
1450567672,b06cad98-6f3a-466b-8362-f1b798904772,2,58f4c3e2-dd3e-4abc-bfe1-967e43a6d84e,purchase
1450567848,2c95534e-2018-46b0-8915-a2c844444d4a,0,4c553588-16dc-4337-b6d2-af5cbb0bea9b,purchase
1450567972,74b8b779-d7d4-4827-90ae-7ece9ad2c0e0,2,4c553588-16dc-4337-b6d2-af5cbb0bea9b,visit
1450567983,4d195fd5-0101-405f-9ab7-fca69e9b4ac4,2,7c141314-7b8a-48b5-845d-821fcbafed53,click
1450568038,89f17a44-02f4-498b-bc02-e5bdd195a3e1,0,0adb6ada-6978-4d95-801f-b03289a6c12c,purchase
1450568147,7e9c86aa-1a49-410d-9641-bef21a37514a,1,4c553588-16dc-4337-b6d2-af5cbb0bea9b,click
1450568291,3f62b4ef-8672-4bda-847c-4b9b3a908aa2,0,9e577b56-47a2-4d6b-9754-baadb0472b79,click
1450568316,b821fce4-414e-4207-b9dc-2b6a44c6a808,2,7fe40811-7d3b-42b9-83ff-58eee06859d9,visit
1450568471,8eefeb7c-1f38-4234-a2cf-d49d3c74d781,1,7fe40811-7d3b-42b9-83ff-58eee06859d9,visit
1450568565,8afc50e7-a94b-4e79-a479-1eef8c38b72d,1,6507f07f-be06-4355-9067-ab7dcba6a895,click
1450568801,96894281-8542-456f-b0e8-e9f74be382f0,0,7c141314-7b8a-48b5-845d-821fcbafed53,visit
1450569014,e7d1630c-6b2e-4582-b322-910b745b9598,2,58f4c3e2-dd3e-4abc-bfe1-967e43a6d84e,visit
1450569241,e1d94439-b1c1-4c8b-a36d-837b6ccb00c9,1,7fe40811-7d3b-42b9-83ff-58eee06859d9,purchase
1450569279,3f8d5079-5433-47fc-9b9f-b93eba84ae61,0,4c553588-16dc-4337-b6d2-af5cbb0bea9b,visit
1450569284,f9a93500-b1cf-4b48-97cb-08b36f931ba1,0,c51f66c9-9de0-457a-8f5d-4188b48c3e12,visit
1450569369,37f28979-3380-4e04-9a1d-4b24786485e8,2,9e577b56-47a2-4d6b-9754-baadb0472b79,visit
1450569493,1b87e045-34d4-4334-a96e-85e7fb955174,0,9e577b56-47a2-4d6b-9754-baadb0472b79,click
1450569498,1a19d478-d9dc-4658-aca2-b9361f4d459a,2,0adb6ada-6978-4d95-801f-b03289a6c12c,purchase
1450569638,50813e82-9c1a-465e-86bc-f7532a42f59d,0,58f4c3e2-dd3e-4abc-bfe1-967e43a6d84e,visit
1450569796,4c4c1d12-b2a0-40ed-b0d4-cd8764ed7849,0,4c553588-16dc-4337-b6d2-af5cbb0bea9b,click
1450569982,309a81ee-955b-4b6f-8f22-27dafa4c95c1,0,4c553588-16dc-4337-b6d2-af5cbb0bea9b,click
1450570010,40e3fe23-4ab7-4c4f-8966-e6c73059475c,2,6507f07f-be06-4355-9067-ab7dcba6a895,visit
1450570105,43b6eb0e-1339-4067-8eed-77c90b98b3c6,1,7fe40811-7d3b-42b9-83ff-58eee06859d9,click
1450570202,c5f6f16e-4817-41ac-8532-328f8600ec2c,1,7c141314-7b8a-48b5-845d-821fcbafed53,purchase
1450570237,94356abf-1bb5-4957-9ee8-12acdcdfb8be,0,0adb6ada-6978-4d95-801f-b03289a6c12c,click
1450570484,c10beb01-8567-4b3c-b151-22f7d20d11de,1,0adb6ada-6978-4d95-801f-b03289a6c12c,visit
1450570537,1eb61169-e7a0-498f-800e-7e7f36204b90,0,7fe40811-7d3b-42b9-83ff-58eee06859d9,click
1450570593,17fae6f1-ded5-451c-a33f-3aaca17b4594,0,9e577b56-47a2-4d6b-9754-baadb0472b79,click
1450570595,a36dea3a-4cf4-41c3-91d1-e7bcf467bbd3,0,4c553588-16dc-4337-b6d2-af5cbb0bea9b,visit
1450570598,d2bbfc4d-a2e1-4d00-93a5-5c70923b377b,2,c51f66c9-9de0-457a-8f5d-4188b48c3e12,click
1450570598,69e785df-9b4b-47f3-b8dd-bdb51f51c85a,2,c51f66c9-9de0-457a-8f5d-4188b48c3e12,click
1450570723,f6c584ab-139c-4c38-aef6-6de8d4da6225,2,9e577b56-47a2-4d6b-9754-baadb0472b79,click
1450571040,1c71f0fd-e1e0-4c68-a032-6c661959a644,0,426da729-1c9a-4705-ba95-81609304ab50,click
1450571080,398b2a0f-4fcb-49d5-a682-0ab96e9e9145,0,426da729-1c9a-4705-ba95-81609304ab50,visit
1450571269,d55160ef-ed79-422b-8142-7f2487c3472c,1,7c141314-7b8a-48b5-845d-821fcbafed53,purchase
1450571328,9b51d9db-a433-4842-802c-9ea6e411743a,0,6507f07f-be06-4355-9067-ab7dcba6a895,visit
1450571378,7d3d4e40-b07c-4eda-9190-2ed8c66c6f07,0,7fe40811-7d3b-42b9-83ff-58eee06859d9,click
1450571422,518fe2a0-15f4-4548-a6a7-075ee70816e0,0,58f4c3e2-dd3e-4abc-bfe1-967e43a6d84e,visit
1450571562,d4ebb713-0cec-43bd-9d2c-a25572a5156b,1,7fe40811-7d3b-42b9-83ff-58eee06859d9,purchase
1450571744,be908baa-1f30-40ed-b9c8-5be50e09adf2,2,0adb6ada-6978-4d95-801f-b03289a6c12c,click
1450571779,d6f4352f-bbd3-4ac2-bf6d-fbee04e86796,1,9e577b56-47a2-4d6b-9754-baadb0472b79,click
1450571918,7b29aec4-ba82-438b-9015-a5d94def6dbf,0,6507f07f-be06-4355-9067-ab7dcba6a895,purchase
1450572047,70118308-b216-4148-b884-14200de10cb7,2,7fe40811-7d3b-42b9-83ff-58eee06859d9,click
1450572122,02131572-714d-4e7f-ae9b-dad8d7914f4f,0,7c141314-7b8a-48b5-845d-821fcbafed53,click
1450572270,96eae4c5-abd4-4b5e-8546-a1b1a3034152,2,426da729-1c9a-4705-ba95-81609304ab50,click
1450572639,1d590d84-d45f-4e8d-99de-6cbed7108e12,2,58f4c3e2-dd3e-4abc-bfe1-967e43a6d84e,click
1450572698,7ee6f34c-b749-475c-a235-7f00868191eb,1,9e577b56-47a2-4d6b-9754-baadb0472b79,click
1450572750,5a72f24a-53a4-4722-9334-a8f3b3568fef,2,426da729-1c9a-4705-ba95-81609304ab50,click
1450572995,5d3dc9dd-4dd0-4749-b058-fd497bbb362f,0,7c141314-7b8a-48b5-845d-821fcbafed53,visit
1450573006,24112a97-f527-4086-ac22-15b8c3827229,0,7c141314-7b8a-48b5-845d-821fcbafed53,visit
1450573038,4408714f-22e1-4f57-84c0-a5ff674c9a9e,2,58f4c3e2-dd3e-4abc-bfe1-967e43a6d84e,purchase
1450573109,0a21e473-8fdf-442d-b2e8-01db96af6e1a,0,a4bc67e6-9c4a-4e55-9d76-c3a19bcc225e,visit
1450573343,c04fa9cc-3c42-4d31-bde3-eb0d55ee857d,2,7c141314-7b8a-48b5-845d-821fcbafed53,purchase
1450573387,00108743-1d93-4ba1-b245-06296fd56e0c,1,426da729-1c9a-4705-ba95-81609304ab50,visit
1450573440,0e6e6e11-dc8b-4ec1-94f0-dc786a54323c,1,6507f07f-be06-4355-9067-ab7dcba6a895,click
1450573661,7f64882f-ad1f-4523-b91b-51c945b8fe03,0,6507f07f-be06-4355-9067-ab7dcba6a895,click
1450573785,ab51ff51-18ee-4981-a7f6-e7a3de48d749,1,58f4c3e2-dd3e-4abc-bfe1-967e43a6d84e,visit
1450573994,ba714c18-ea2e-4410-aa8a-5cfec0fb3eb5,1,a4bc67e6-9c4a-4e55-9d76-c3a19bcc225e,click
1450574018,5720a4b7-49c3-4418-b146-b0b8c99d0fb8,1,7fe40811-7d3b-42b9-83ff-58eee06859d9,purchase
1450574099,3aa5d374-f7ca-47b4-8020-f018d75d0482,0,4c553588-16dc-4337-b6d2-af5cbb0bea9b,purchase
1450574127,a5b8d29a-e1a2-4866-a07d-b010f035d4d3,2,426da729-1c9a-4705-ba95-81609304ab50,purchase
1450574470,232f700f-8229-47d9-8296-bc07cc5225b2,2,0adb6ada-6978-4d95-801f-b03289a6c12c,visit
1450574631,40a6cbda-5335-42e3-9a82-7a5de755fdc0,0,a4bc67e6-9c4a-4e55-9d76-c3a19bcc225e,visit
1450575020,7eb8727d-3dfa-4955-9c9b-6e4af98627ae,1,0adb6ada-6978-4d95-801f-b03289a6c12c,click
1450575029,b870754a-b6ae-4678-8ca8-1633297f34a2,2,4c553588-16dc-4337-b6d2-af5cbb0bea9b,purchase
1450575030,88a68e50-499d-40c8-b3c2-d673dde4b33c,1,58f4c3e2-dd3e-4abc-bfe1-967e43a6d84e,click
1450575033,57c5829e-3ad9-40dd-b675-d785f049452e,2,6507f07f-be06-4355-9067-ab7dcba6a895,visit
1450575154,73fdce19-cd46-45b0-9ec8-523d89fb7bef,1,58f4c3e2-dd3e-4abc-bfe1-967e43a6d84e,visit
1450575197,276e8477-9c04-4b75-ba85-a9e6b050ef7b,1,c51f66c9-9de0-457a-8f5d-4188b48c3e12,click
1450575213,e42dc25c-d3ab-4dd5-aaa4-956890d1ffad,1,4c553588-16dc-4337-b6d2-af5cbb0bea9b,purchase
1450575217,d2bd8dbe-c231-4951-bd84-eeec53e4dfc2,2,7c141314-7b8a-48b5-845d-821fcbafed53,click
1450575309,bc19b75a-3669-447b-81d7-2d18cbe8e312,2,7c141314-7b8a-48b5-845d-821fcbafed53,purchase
1450575333,f547fd7b-5708-4867-94da-c6e95b975fd8,0,c51f66c9-9de0-457a-8f5d-4188b48c3e12,click
1450575365,f597259e-acb1-4a7b-8a82-bffc848e14d5,0,58f4c3e2-dd3e-4abc-bfe1-967e43a6d84e,purchase
1450575405,98bae082-df1e-4c32-9d46-80a3be40e13d,1,426da729-1c9a-4705-ba95-81609304ab50,purchase
1450575564,c39e7c40-6883-4788-b3b0-bba57ad571da,2,58f4c3e2-dd3e-4abc-bfe1-967e43a6d84e,visit
1450575638,adfee2d6-f29a-43f5-a9ed-a6b5e1be4eb6,2,7fe40811-7d3b-42b9-83ff-58eee06859d9,visit
1450575691,5f2aac12-2846-4086-859a-3657d9f2d06c,1,6507f07f-be06-4355-9067-ab7dcba6a895,visit
1450575735,53b5f906-beed-4806-853b-035c55a6bb6b,2,0adb6ada-6978-4d95-801f-b03289a6c12c,visit
1450575850,2dd11b07-d4ee-4aea-9513-2d94b308fb33,2,4c553588-16dc-4337-b6d2-af5cbb0bea9b,visit
1450575870,c8152e6a-603e-4a86-b1b5-f170e78d3da4,1,426da729-1c9a-4705-ba95-81609304ab50,click
1450575870,e081cd2c-a8bc-4045-af9a-d6a0996af3bb,1,c51f66c9-9de0-457a-8f5d-4188b48c3e12,visit
1450576045,767f4508-2f8a-4b13-a600-5e7aeeff8ed1,0,58f4c3e2-dd3e-4abc-bfe1-967e43a6d84e,purchase
1450576342,e3a3a370-65c6-4f72-a850-8a3ce3f3c866,0,7c141314-7b8a-48b5-845d-821fcbafed53,click
1450576353,f6e18a32-e9b4-4cb1-b058-fd8cd0c675b4,0,a4bc67e6-9c4a-4e55-9d76-c3a19bcc225e,purchase
1450576441,b98b46eb-2390-42b6-b4ed-4d3cb6b7ff7e,0,7c141314-7b8a-48b5-845d-821fcbafed53,visit
1450576462,293caa5d-ba92-4267-9ffb-09cfc01b2f81,2,4c553588-16dc-4337-b6d2-af5cbb0bea9b,click
1450576507,673752fe-3fc3-4179-befb-3f20ab41d656,2,9e577b56-47a2-4d6b-9754-baadb0472b79,click
1450576523,e826c854-e2e2-4797-9f3f-5e4c43307bed,0,7c141314-7b8a-48b5-845d-821fcbafed53,click
1450576566,f446e193-aa9e-4f79-a3d9-1aaceb4ea80b,1,7fe40811-7d3b-42b9-83ff-58eee06859d9,purchase
1450576856,56229497-612a-444e-a001-7d61d0eb9f5f,1,9e577b56-47a2-4d6b-9754-baadb0472b79,purchase
1450576910,6e290b3b-90d3-48ab-b9f5-548b882ddd64,1,9e577b56-47a2-4d6b-9754-baadb0472b79,click
1450577023,3702b584-5f69-416b-882f-91eefa32e930,1,9e577b56-47a2-4d6b-9754-baadb0472b79,visit
1450577075,cf112f40-8523-402c-a12d-a5154dc1940f,0,426da729-1c9a-4705-ba95-81609304ab50,click
1450577078,8cc421ca-bb77-488d-b19e-ca6ad1f4a77d,0,7c141314-7b8a-48b5-845d-821fcbafed53,purchase
1450577129,5a1346e1-86aa-41dd-b5cb-dc5aff862e24,1,58f4c3e2-dd3e-4abc-bfe1-967e43a6d84e,click
1450577297,d0d98281-2d9f-4c7d-8aa7-aa5b687efad7,0,426da729-1c9a-4705-ba95-81609304ab50,purchase
1450577377,5581ea04-b6b3-4fd2-a1d9-174e16284981,0,a4bc67e6-9c4a-4e55-9d76-c3a19bcc225e,purchase
1450577447,90074c78-d7d3-49e9-832f-20146923d79d,2,426da729-1c9a-4705-ba95-81609304ab50,click
1450577490,3a3e5a25-2c1e-4c0b-9ae1-c91caabd3f2b,2,426da729-1c9a-4705-ba95-81609304ab50,purchase
1450577497,f40bc10e-2aec-4053-b127-753d5bd29a5e,1,7fe40811-7d3b-42b9-83ff-58eee06859d9,click
1450577509,0fb651d7-9b48-4c7f-94c9-de7c1906dd3b,1,6507f07f-be06-4355-9067-ab7dcba6a895,visit
1450577577,fbb00434-8c97-44fd-9b1d-8ad9e4666c59,2,0adb6ada-6978-4d95-801f-b03289a6c12c,visit
1450577702,012ccc8b-9192-4671-aa5c-8682e540de8d,0,7fe40811-7d3b-42b9-83ff-58eee06859d9,visit
1450577817,dddf2a96-d3fa-4790-833f-3b866de73b86,1,c51f66c9-9de0-457a-8f5d-4188b48c3e12,click
1450577840,b945cf5b-8694-4af6-9b00-26863250eec6,1,0adb6ada-6978-4d95-801f-b03289a6c12c,visit
1450577955,9f434060-45ef-48c8-a1bd-0818cc444096,2,0adb6ada-6978-4d95-801f-b03289a6c12c,visit
1450578058,cf3e40b4-5ca3-4a05-8ad7-10247de6cb9d,0,7fe40811-7d3b-42b9-83ff-58eee06859d9,click
1450578122,c30f80c7-022d-4526-8542-18eb84fcffd0,1,6507f07f-be06-4355-9067-ab7dcba6a895,purchase
1450578260,847385a1-fdc4-44a8-a4a2-5d54f22232dc,0,426da729-1c9a-4705-ba95-81609304ab50,purchase
1450578284,8cf63be4-b703-47a9-8e1a-4fcc97ad37fc,2,4c553588-16dc-4337-b6d2-af5cbb0bea9b,visit
1450578304,675f8180-68a0-41ca-a4fb-6bbb6351b00b,1,a4bc67e6-9c4a-4e55-9d76-c3a19bcc225e,purchase
1450578321,b06e0c35-cea2-4c97-b7af-e8fc8a972e8a,0,7c141314-7b8a-48b5-845d-821fcbafed53,click
1450578364,9418fda4-e960-44be-a450-6bd3f9161bd8,0,9e577b56-47a2-4d6b-9754-baadb0472b79,visit
1450578419,bb238ce7-1762-4b0a-98e6-947e214f9b79,0,6507f07f-be06-4355-9067-ab7dcba6a895,visit
1450578481,3b2c6970-227b-427c-a91b-c70c0fe41b84,2,7fe40811-7d3b-42b9-83ff-58eee06859d9,visit
1450578569,fe6aaa7e-5eee-4199-8b3b-f429c98a0e41,1,7fe40811-7d3b-42b9-83ff-58eee06859d9,click
1450578700,a8387f9a-54c9-41a3-bbb7-eadbdbf0a694,0,9e577b56-47a2-4d6b-9754-baadb0472b79,visit
1450578795,1486a040-0178-47b9-9ef5-6dfae638e74c,0,58f4c3e2-dd3e-4abc-bfe1-967e43a6d84e,visit
1450578850,1d0095e5-5354-4d06-bebb-de96a20612f0,1,7c141314-7b8a-48b5-845d-821fcbafed53,purchase
1450578988,a2e5cbc7-c995-4a59-8dcd-4b42c31b79f2,0,7fe40811-7d3b-42b9-83ff-58eee06859d9,click
1450579034,a6661359-ded7-4d1f-b4ac-fc39705d4acf,2,6507f07f-be06-4355-9067-ab7dcba6a895,visit
1450579072,945d2d05-affb-4b98-945c-aecaa9e2880e,0,0adb6ada-6978-4d95-801f-b03289a6c12c,click
1450579172,706e306f-f436-4c83-8def-7144ea92e97c,0,58f4c3e2-dd3e-4abc-bfe1-967e43a6d84e,click
1450579474,32b14698-d5f9-4de6-8791-270c5f0a47ca,2,0adb6ada-6978-4d95-801f-b03289a6c12c,purchase
1450579523,c18da11f-4baf-4cb3-b700-5f390de6c2f7,1,426da729-1c9a-4705-ba95-81609304ab50,click
1450579555,673dc630-785f-4926-80ca-605cf239dccb,1,4c553588-16dc-4337-b6d2-af5cbb0bea9b,visit
1450579642,2eb9cded-a38c-4012-a0a3-c25b961af013,0,9e577b56-47a2-4d6b-9754-baadb0472b79,click
1450579678,8f12c7f9-8458-4dd3-aa15-eeb56e5ffd6f,1,9e577b56-47a2-4d6b-9754-baadb0472b79,click
1450579681,3f1e4d3a-9880-4ff9-ad1b-33e3155c0d62,2,7fe40811-7d3b-42b9-83ff-58eee06859d9,purchase
1450579755,1b7f5d83-1328-4b87-8bc0-c0b3ff5e0d15,2,9e577b56-47a2-4d6b-9754-baadb0472b79,visit
1450579959,0333f9a8-aebc-4e7e-a21b-f91fa222ecab,2,7c141314-7b8a-48b5-845d-821fcbafed53,purchase
1450580088,e2ac7d34-f716-41a6-a44c-32dec9287b82,1,7fe40811-7d3b-42b9-83ff-58eee06859d9,visit
1450580118,6eec0b33-7970-4971-a2c9-9337e0c678e3,1,0adb6ada-6978-4d95-801f-b03289a6c12c,click
1450580352,86098d6c-483e-4d90-9ca4-7ba37eac91a7,0,7fe40811-7d3b-42b9-83ff-58eee06859d9,visit
1450580460,da10b236-beba-44f0-a82d-170d9befe2c0,0,c51f66c9-9de0-457a-8f5d-4188b48c3e12,visit
1450580484,971eec4b-15e7-4704-9d48-5b485c23fd5b,0,58f4c3e2-dd3e-4abc-bfe1-967e43a6d84e,purchase
1450580509,9cb43cc6-c974-44dc-87f7-8e67f470bf2e,2,7c141314-7b8a-48b5-845d-821fcbafed53,click
1450580631,2c0e20c4-78a9-4d3c-9ac4-0818c65b56f7,1,c51f66c9-9de0-457a-8f5d-4188b48c3e12,click
1450580724,3e4666e6-6662-41a9-94e0-d46dcfc42688,0,6507f07f-be06-4355-9067-ab7dcba6a895,purchase
1450580745,62f2c6a9-002e-404d-a8ef-89e3f0eb3e0a,2,0adb6ada-6978-4d95-801f-b03289a6c12c,visit
1450580834,e66c3b14-6d3e-4686-bfa5-503af8432320,1,7c141314-7b8a-48b5-845d-821fcbafed53,purchase
1450580837,a42b995c-4c90-4db4-9565-588b0cc46220,0,9e577b56-47a2-4d6b-9754-baadb0472b79,click
1450581051,39847aca-46db-46df-bc2a-7fe4a4c352e5,2,7c141314-7b8a-48b5-845d-821fcbafed53,visit
1450581212,bdce46f3-4304-4fd1-b713-93af9cbaa99e,0,7fe40811-7d3b-42b9-83ff-58eee06859d9,purchase
1450581291,8867a23e-17f9-4588-b63d-ce8a76318ff4,1,426da729-1c9a-4705-ba95-81609304ab50,click
1450581302,fe57e800-3861-4e54-a7c3-3c669a1724b1,2,9e577b56-47a2-4d6b-9754-baadb0472b79,click
1450581325,91ed86cb-6e9d-48b7-a98b-2d483530f147,1,426da729-1c9a-4705-ba95-81609304ab50,purchase
1450581558,8dd75864-925c-428a-a319-12d90c73deea,1,a4bc67e6-9c4a-4e55-9d76-c3a19bcc225e,click
1450581619,565c8351-7158-4de3-a2ce-eb5b4ad717f0,2,7c141314-7b8a-48b5-845d-821fcbafed53,visit
1450581699,7ab0b374-d6dc-44eb-98ad-8ecb17b2cd1e,2,4c553588-16dc-4337-b6d2-af5cbb0bea9b,click
1450581702,3b607230-424c-4341-af19-6b605a184c78,0,426da729-1c9a-4705-ba95-81609304ab50,purchase
1450581932,7f67c5dd-ad8e-4ca7-b736-68c4f108a61e,1,6507f07f-be06-4355-9067-ab7dcba6a895,click
1450581966,2f8bcec4-685e-4cc4-bd9c-68e6ae4950a8,2,4c553588-16dc-4337-b6d2-af5cbb0bea9b,click
1450582060,5b6bdfdc-9b33-4988-920a-e156b5255ed4,1,426da729-1c9a-4705-ba95-81609304ab50,click
1450582166,ab3ec4d8-82a7-4395-8168-c52c9a8ed47d,0,58f4c3e2-dd3e-4abc-bfe1-967e43a6d84e,visit
1450582478,aae133bd-5220-4b23-b659-f57ed1b0c575,1,58f4c3e2-dd3e-4abc-bfe1-967e43a6d84e,click
1450582556,072c095b-ef4e-45f6-acaf-2f52a1b91342,1,426da729-1c9a-4705-ba95-81609304ab50,visit
1450582617,a252df08-3e59-474b-83c5-3df577680bf4,1,0adb6ada-6978-4d95-801f-b03289a6c12c,purchase
1450582622,943498e6-25d0-4309-a63d-42bd630e5c5f,2,7fe40811-7d3b-42b9-83ff-58eee06859d9,visit
1450582643,b0350428-cac4-4b18-aeea-c9c44278e59b,0,a4bc67e6-9c4a-4e55-9d76-c3a19bcc225e,click
1450582679,36a03258-981a-4892-81f0-3ae5286336af,1,58f4c3e2-dd3e-4abc-bfe1-967e43a6d84e,visit
1450582684,4749a173-70c5-49d4-8b0a-ff4feaf56ffc,0,58f4c3e2-dd3e-4abc-bfe1-967e43a6d84e,visit
1450582738,91415fb2-dd3d-4d21-a89d-26582c155d3d,1,426da729-1c9a-4705-ba95-81609304ab50,purchase
1450582751,b9666ffc-4d71-420a-9d58-dd780693ac37,1,9e577b56-47a2-4d6b-9754-baadb0472b79,visit
1450582790,58dd4c3b-8b6c-41a7-ab00-e2cb74399702,0,a4bc67e6-9c4a-4e55-9d76-c3a19bcc225e,click
1450582814,31ecf08e-e21d-4bf2-8563-17c300c8a0ec,0,a4bc67e6-9c4a-4e55-9d76-c3a19bcc225e,visit
1450582843,dcda99aa-c9c4-492c-80f2-0cd7524ee4d8,1,a4bc67e6-9c4a-4e55-9d76-c3a19bcc225e,purchase
1450582855,802a9341-6e3b-47b7-b618-e4ed640be59b,0,9e577b56-47a2-4d6b-9754-baadb0472b79,visit
1450582875,9e76bd94-f42a-487a-9773-7b0b04cd0ef4,1,7c141314-7b8a-48b5-845d-821fcbafed53,click
1450582914,3be58e90-ab56-464b-9a42-d10aa9a10a67,2,a4bc67e6-9c4a-4e55-9d76-c3a19bcc225e,purchase
1450583023,d0ea1fcc-75d1-4dce-a729-bf8fc289d1d6,1,9e577b56-47a2-4d6b-9754-baadb0472b79,click
1450583036,2e1de458-cbf9-4dfa-9000-7a35fe8c5500,1,58f4c3e2-dd3e-4abc-bfe1-967e43a6d84e,visit
1450583292,531feb3f-c8bb-4c41-a3aa-25bb15852710,2,a4bc67e6-9c4a-4e55-9d76-c3a19bcc225e,visit
1450583377,edda1ce7-23d4-4d91-a71a-21cb02909fb2,2,7fe40811-7d3b-42b9-83ff-58eee06859d9,purchase
1450583513,cbe3c440-fac9-4b40-91e5-783864a7a761,1,9e577b56-47a2-4d6b-9754-baadb0472b79,click
1450583577,9e908b46-d8c9-45e0-9366-021e63dad3bc,1,58f4c3e2-dd3e-4abc-bfe1-967e43a6d84e,click
1450583779,a4904c73-96a7-423f-8c57-af13812caf8c,1,7fe40811-7d3b-42b9-83ff-58eee06859d9,visit
1450583912,28a24a5a-2ee2-41c9-9498-72f96e1f7afe,1,0adb6ada-6978-4d95-801f-b03289a6c12c,visit
1450583934,22efbdaf-efc6-4a65-bb50-2d33121b16d4,0,7fe40811-7d3b-42b9-83ff-58eee06859d9,click
1450584058,61eeb9db-1cb1-4969-91fd-cf96be1750a4,2,7fe40811-7d3b-42b9-83ff-58eee06859d9,click
1450584089,11332861-a5fe-4562-8ed2-bc4a9a64649b,0,c51f66c9-9de0-457a-8f5d-4188b48c3e12,purchase
1450584195,ab7b72fa-65de-45fe-a597-989d8ecb1c02,1,a4bc67e6-9c4a-4e55-9d76-c3a19bcc225e,visit
1450584281,522026d7-bb28-4e42-888c-1d40eec7c3c1,2,9e577b56-47a2-4d6b-9754-baadb0472b79,click
1450584335,7cf7b2c5-bd0a-4a2b-8617-042fcc12fef0,2,4c553588-16dc-4337-b6d2-af5cbb0bea9b,purchase
1450584355,9c24e65c-affd-4327-813f-46c126fca5d6,0,6507f07f-be06-4355-9067-ab7dcba6a895,purchase
1450584358,00f8f2c3-38fa-4f27-852d-1308185639a9,2,7c141314-7b8a-48b5-845d-821fcbafed53,purchase
1450584363,7b829548-5bc6-4fa9-af0d-0547870705ba,2,a4bc67e6-9c4a-4e55-9d76-c3a19bcc225e,purchase
1450584426,0a6f46aa-b4d5-4e3e-b2ae-d6e60a97089c,2,a4bc67e6-9c4a-4e55-9d76-c3a19bcc225e,purchase
1450584439,00ddaa5b-33be-4c72-aebe-36dfadf9d202,1,7fe40811-7d3b-42b9-83ff-58eee06859d9,visit
1450584562,4c28e890-da41-4f83-9392-774f05f2e364,1,0adb6ada-6978-4d95-801f-b03289a6c12c,purchase
1450584665,c4627ccf-d73a-49a5-bca8-66392a91c75c,2,0adb6ada-6978-4d95-801f-b03289a6c12c,purchase
1450584782,903ff2ca-23d3-4a1b-b57a-cc4f081bede1,1,9e577b56-47a2-4d6b-9754-baadb0472b79,purchase
1450584876,3b0468e2-fdbc-4d7b-b87e-e44a79d8c2ca,1,0adb6ada-6978-4d95-801f-b03289a6c12c,click
1450584909,d64030a7-ee7d-4608-8145-a6cb9bc04389,1,a4bc67e6-9c4a-4e55-9d76-c3a19bcc225e,purchase
1450585204,ceb8619b-17b4-4781-be9b-f64ed175ab50,2,9e577b56-47a2-4d6b-9754-baadb0472b79,visit
1450585232,4b9c1a12-7fb2-4853-b1b4-e547daa988b6,2,58f4c3e2-dd3e-4abc-bfe1-967e43a6d84e,visit
1450585380,4c58e4cb-1b04-4702-a441-9031d6930e5a,1,0adb6ada-6978-4d95-801f-b03289a6c12c,visit
1450585391,4dfc8c0d-93df-4e22-bfcc-9cf3b91f5b5c,2,7c141314-7b8a-48b5-845d-821fcbafed53,click
1450585441,77d41de7-3d8f-4796-ae44-b953732b6b11,0,6507f07f-be06-4355-9067-ab7dcba6a895,visit
1450585540,67ee8d2d-35c9-406f-9258-e4939ec9a77a,0,58f4c3e2-dd3e-4abc-bfe1-967e43a6d84e,visit
1450585569,6d99c34a-2c34-4b83-95fd-b238e262a2ba,0,6507f07f-be06-4355-9067-ab7dcba6a895,visit
1450585615,bd3c83b9-4a12-465a-9998-2c377c600fa2,0,58f4c3e2-dd3e-4abc-bfe1-967e43a6d84e,visit
1450585672,3c875637-16e5-455f-913a-6a476b2e0aaf,2,c51f66c9-9de0-457a-8f5d-4188b48c3e12,purchase
1450585733,399faab2-cfa9-447b-8eb7-65f019524bdd,1,7fe40811-7d3b-42b9-83ff-58eee06859d9,purchase
1450585790,ffc53eb6-0b1d-4d1d-939d-4b7505eefaa8,2,0adb6ada-6978-4d95-801f-b03289a6c12c,purchase
1450585791,0980ad5e-f00a-421d-a364-ee7986698090,0,0adb6ada-6978-4d95-801f-b03289a6c12c,visit
1450586084,5fd01573-135f-40ba-aea3-6214f822d313,2,58f4c3e2-dd3e-4abc-bfe1-967e43a6d84e,purchase
1450586134,3a12ac0d-9e13-46ea-a5bc-2f05d4e5e986,2,6507f07f-be06-4355-9067-ab7dcba6a895,click
1450586248,fede6823-6e28-4cc6-ad6d-18abf05ad6fc,1,6507f07f-be06-4355-9067-ab7dcba6a895,purchase
1450586249,b60972a6-dbc2-426e-a0e7-458e94b151e6,1,58f4c3e2-dd3e-4abc-bfe1-967e43a6d84e,purchase
1450586264,85236b55-07d4-4ae9-9208-aff5ba26579b,1,0adb6ada-6978-4d95-801f-b03289a6c12c,purchase
1450586447,20934835-ecdc-40bd-b259-ec44e71654b0,1,c51f66c9-9de0-457a-8f5d-4188b48c3e12,visit
1450586637,8df8c4bf-8cbe-401a-badd-ed5e70a9c365,2,6507f07f-be06-4355-9067-ab7dcba6a895,visit
1450586845,cc36f748-b3b2-45bc-8715-14aeabb6831c,2,426da729-1c9a-4705-ba95-81609304ab50,purchase
1450586977,0bd4f50a-12c9-4ca3-b37d-0f38bcdfe69f,2,7c141314-7b8a-48b5-845d-821fcbafed53,click
1450587075,79cb1211-cf1a-4c42-a4eb-b90ea60cb10d,1,426da729-1c9a-4705-ba95-81609304ab50,visit
1450587121,0aa667aa-3a54-4b95-b5c1-750b7711a83d,0,426da729-1c9a-4705-ba95-81609304ab50,click
1450587176,8013b689-1c26-49ac-ba84-fd9ce3ff0d38,0,6507f07f-be06-4355-9067-ab7dcba6a895,click
1450587185,707fd56a-8611-4396-b9eb-432e96386a84,0,4c553588-16dc-4337-b6d2-af5cbb0bea9b,purchase
1450587297,27461983-f335-416b-8ed4-563612fa8d36,1,0adb6ada-6978-4d95-801f-b03289a6c12c,purchase
1450587305,e7cc4f6d-2649-492e-87af-6884a4fea425,1,c51f66c9-9de0-457a-8f5d-4188b48c3e12,purchase
1450587322,d8fd3400-df96-41b0-85ff-c06afd0d841e,1,9e577b56-47a2-4d6b-9754-baadb0472b79,visit
1450587334,6f7f56f5-0ec2-459d-bbf4-cb04e3a3909c,1,c51f66c9-9de0-457a-8f5d-4188b48c3e12,purchase
1450587384,bca8a619-45cd-403f-98fd-4d11eba9629e,2,a4bc67e6-9c4a-4e55-9d76-c3a19bcc225e,visit
1450587394,2fb7b8a9-e03c-4914-8ca5-0bacc4324751,1,a4bc67e6-9c4a-4e55-9d76-c3a19bcc225e,purchase
1450587422,a2347f92-b2e4-484b-880a-91889ced46a2,2,7fe40811-7d3b-42b9-83ff-58eee06859d9,visit
1450587433,273a78d5-962e-4759-8ab3-5fd61a3c4719,1,7fe40811-7d3b-42b9-83ff-58eee06859d9,visit
1450587583,9b0acd73-8587-4454-b000-9750937f2b45,2,7fe40811-7d3b-42b9-83ff-58eee06859d9,visit
