1450501208,0,1,6507f07f-be06-4355-9067-ab7dcba6a895
1450501288,2,0,a4bc67e6-9c4a-4e55-9d76-c3a19bcc225e
1450501296,1,4,7fe40811-7d3b-42b9-83ff-58eee06859d9
1450501335,1,3,426da729-1c9a-4705-ba95-81609304ab50
1450501353,1,2,a4bc67e6-9c4a-4e55-9d76-c3a19bcc225e
1450501466,1,3,9e577b56-47a2-4d6b-9754-baadb0472b79
1450501478,2,3,4c553588-16dc-4337-b6d2-af5cbb0bea9b
1450501789,1,1,426da729-1c9a-4705-ba95-81609304ab50
1450501949,1,3,9e577b56-47a2-4d6b-9754-baadb0472b79
1450501957,0,2,7c141314-7b8a-48b5-845d-821fcbafed53
1450502106,2,0,9e577b56-47a2-4d6b-9754-baadb0472b79
1450502211,2,3,a4bc67e6-9c4a-4e55-9d76-c3a19bcc225e
1450502244,1,0,7fe40811-7d3b-42b9-83ff-58eee06859d9
1450502931,2,2,58f4c3e2-dd3e-4abc-bfe1-967e43a6d84e
1450502936,2,2,7fe40811-7d3b-42b9-83ff-58eee06859d9
1450503007,2,3,6507f07f-be06-4355-9067-ab7dcba6a895
1450503208,2,2,7fe40811-7d3b-42b9-83ff-58eee06859d9
1450503221,1,3,6507f07f-be06-4355-9067-ab7dcba6a895
1450503246,1,2,c51f66c9-9de0-457a-8f5d-4188b48c3e12
1450503299,2,3,7fe40811-7d3b-42b9-83ff-58eee06859d9
1450503441,0,0,7c141314-7b8a-48b5-845d-821fcbafed53
1450503442,0,3,7fe40811-7d3b-42b9-83ff-58eee06859d9
1450503446,2,1,a4bc67e6-9c4a-4e55-9d76-c3a19bcc225e
1450503644,1,2,c51f66c9-9de0-457a-8f5d-4188b48c3e12
1450503737,0,3,7fe40811-7d3b-42b9-83ff-58eee06859d9
1450503910,0,1,c51f66c9-9de0-457a-8f5d-4188b48c3e12
1450503934,0,2,4c553588-16dc-4337-b6d2-af5cbb0bea9b
1450503961,0,3,6507f07f-be06-4355-9067-ab7dcba6a895
1450503964,2,4,7fe40811-7d3b-42b9-83ff-58eee06859d9
1450504000,2,0,7c141314-7b8a-48b5-845d-821fcbafed53
1450504045,1,2,6507f07f-be06-4355-9067-ab7dcba6a895
1450504051,2,4,6507f07f-be06-4355-9067-ab7dcba6a895
1450504137,1,0,a4bc67e6-9c4a-4e55-9d76-c3a19bcc225e
1450504144,2,0,a4bc67e6-9c4a-4e55-9d76-c3a19bcc225e
1450504410,1,3,9e577b56-47a2-4d6b-9754-baadb0472b79
1450504453,0,4,4c553588-16dc-4337-b6d2-af5cbb0bea9b
1450504519,2,4,0adb6ada-6978-4d95-801f-b03289a6c12c
1450504540,1,4,7c141314-7b8a-48b5-845d-821fcbafed53
1450504699,1,4,426da729-1c9a-4705-ba95-81609304ab50
1450504749,2,0,7c141314-7b8a-48b5-845d-821fcbafed53
1450504756,2,0,4c553588-16dc-4337-b6d2-af5cbb0bea9b
1450504777,2,3,7fe40811-7d3b-42b9-83ff-58eee06859d9
1450504801,2,3,426da729-1c9a-4705-ba95-81609304ab50
1450504999,1,4,c51f66c9-9de0-457a-8f5d-4188b48c3e12
1450505027,0,2,426da729-1c9a-4705-ba95-81609304ab50
1450505115,1,0,58f4c3e2-dd3e-4abc-bfe1-967e43a6d84e
1450505217,0,0,c51f66c9-9de0-457a-8f5d-4188b48c3e12
1450505265,2,2,58f4c3e2-dd3e-4abc-bfe1-967e43a6d84e
1450505543,2,3,7c141314-7b8a-48b5-845d-821fcbafed53
1450505564,2,0,0adb6ada-6978-4d95-801f-b03289a6c12c
1450505611,2,0,a4bc67e6-9c4a-4e55-9d76-c3a19bcc225e
1450505636,0,2,7fe40811-7d3b-42b9-83ff-58eee06859d9
1450505707,1,3,426da729-1c9a-4705-ba95-81609304ab50
1450505734,2,4,426da729-1c9a-4705-ba95-81609304ab50
1450505738,2,2,7fe40811-7d3b-42b9-83ff-58eee06859d9
1450505748,1,0,c51f66c9-9de0-457a-8f5d-4188b48c3e12
1450505833,1,1,0adb6ada-6978-4d95-801f-b03289a6c12c
1450505854,1,4,4c553588-16dc-4337-b6d2-af5cbb0bea9b
1450505962,0,0,58f4c3e2-dd3e-4abc-bfe1-967e43a6d84e
1450506144,1,0,a4bc67e6-9c4a-4e55-9d76-c3a19bcc225e
1450506253,0,1,c51f66c9-9de0-457a-8f5d-4188b48c3e12
1450506306,0,0,0adb6ada-6978-4d95-801f-b03289a6c12c
1450506375,1,2,58f4c3e2-dd3e-4abc-bfe1-967e43a6d84e
1450506486,0,1,7c141314-7b8a-48b5-845d-821fcbafed53
1450506630,0,2,6507f07f-be06-4355-9067-ab7dcba6a895
1450506714,0,0,a4bc67e6-9c4a-4e55-9d76-c3a19bcc225e
1450506839,1,3,426da729-1c9a-4705-ba95-81609304ab50
1450506958,0,0,4c553588-16dc-4337-b6d2-af5cbb0bea9b
1450506987,2,0,c51f66c9-9de0-457a-8f5d-4188b48c3e12
1450507024,0,4,6507f07f-be06-4355-9067-ab7dcba6a895
1450507050,2,4,426da729-1c9a-4705-ba95-81609304ab50
1450507102,0,2,58f4c3e2-dd3e-4abc-bfe1-967e43a6d84e
1450507221,0,2,58f4c3e2-dd3e-4abc-bfe1-967e43a6d84e
1450507314,1,2,4c553588-16dc-4337-b6d2-af5cbb0bea9b
1450507344,1,1,6507f07f-be06-4355-9067-ab7dcba6a895
1450507346,2,0,58f4c3e2-dd3e-4abc-bfe1-967e43a6d84e
1450507347,2,0,6507f07f-be06-4355-9067-ab7dcba6a895
1450507437,2,3,0adb6ada-6978-4d95-801f-b03289a6c12c
1450507468,2,0,a4bc67e6-9c4a-4e55-9d76-c3a19bcc225e
1450507509,2,0,4c553588-16dc-4337-b6d2-af5cbb0bea9b
1450507538,2,2,0adb6ada-6978-4d95-801f-b03289a6c12c
1450507622,0,4,c51f66c9-9de0-457a-8f5d-4188b48c3e12
1450507708,2,3,7fe40811-7d3b-42b9-83ff-58eee06859d9
1450507724,0,1,a4bc67e6-9c4a-4e55-9d76-c3a19bcc225e
1450507777,0,1,58f4c3e2-dd3e-4abc-bfe1-967e43a6d84e
1450507812,0,3,0adb6ada-6978-4d95-801f-b03289a6c12c
1450507861,2,0,0adb6ada-6978-4d95-801f-b03289a6c12c
1450507908,1,1,58f4c3e2-dd3e-4abc-bfe1-967e43a6d84e
1450507989,1,0,4c553588-16dc-4337-b6d2-af5cbb0bea9b
1450508119,1,1,7c141314-7b8a-48b5-845d-821fcbafed53
1450508122,2,2,a4bc67e6-9c4a-4e55-9d76-c3a19bcc225e
1450508311,2,2,0adb6ada-6978-4d95-801f-b03289a6c12c
1450508321,1,3,58f4c3e2-dd3e-4abc-bfe1-967e43a6d84e
1450508337,0,4,0adb6ada-6978-4d95-801f-b03289a6c12c
1450508471,1,4,4c553588-16dc-4337-b6d2-af5cbb0bea9b
1450508576,1,3,6507f07f-be06-4355-9067-ab7dcba6a895
1450508577,2,4,c51f66c9-9de0-457a-8f5d-4188b48c3e12
1450508682,2,2,9e577b56-47a2-4d6b-9754-baadb0472b79
1450508924,0,0,4c553588-16dc-4337-b6d2-af5cbb0bea9b
1450508926,0,4,9e577b56-47a2-4d6b-9754-baadb0472b79
1450509449,0,3,a4bc67e6-9c4a-4e55-9d76-c3a19bcc225e
1450509485,2,2,a4bc67e6-9c4a-4e55-9d76-c3a19bcc225e
1450509596,1,3,a4bc67e6-9c4a-4e55-9d76-c3a19bcc225e
1450509606,1,3,0adb6ada-6978-4d95-801f-b03289a6c12c
1450509673,0,4,7fe40811-7d3b-42b9-83ff-58eee06859d9
1450509683,1,1,a4bc67e6-9c4a-4e55-9d76-c3a19bcc225e
1450509699,0,0,c51f66c9-9de0-457a-8f5d-4188b48c3e12
1450509753,0,3,4c553588-16dc-4337-b6d2-af5cbb0bea9b
1450509778,2,2,6507f07f-be06-4355-9067-ab7dcba6a895
1450509824,1,1,58f4c3e2-dd3e-4abc-bfe1-967e43a6d84e
1450509829,1,3,c51f66c9-9de0-457a-8f5d-4188b48c3e12
1450509910,2,2,58f4c3e2-dd3e-4abc-bfe1-967e43a6d84e
1450510137,0,2,a4bc67e6-9c4a-4e55-9d76-c3a19bcc225e
1450510284,2,3,58f4c3e2-dd3e-4abc-bfe1-967e43a6d84e
1450510520,1,4,6507f07f-be06-4355-9067-ab7dcba6a895
1450510535,1,4,6507f07f-be06-4355-9067-ab7dcba6a895
1450510540,0,4,7fe40811-7d3b-42b9-83ff-58eee06859d9
1450510625,1,0,a4bc67e6-9c4a-4e55-9d76-c3a19bcc225e
1450510699,2,0,4c553588-16dc-4337-b6d2-af5cbb0bea9b
1450510734,2,2,7fe40811-7d3b-42b9-83ff-58eee06859d9
1450510774,2,0,426da729-1c9a-4705-ba95-81609304ab50
1450510901,0,2,a4bc67e6-9c4a-4e55-9d76-c3a19bcc225e
1450510957,0,0,4c553588-16dc-4337-b6d2-af5cbb0bea9b
1450511027,1,1,426da729-1c9a-4705-ba95-81609304ab50
1450511075,2,2,426da729-1c9a-4705-ba95-81609304ab50
1450511240,1,1,7fe40811-7d3b-42b9-83ff-58eee06859d9
1450511287,1,3,a4bc67e6-9c4a-4e55-9d76-c3a19bcc225e
1450511419,0,3,a4bc67e6-9c4a-4e55-9d76-c3a19bcc225e
1450511427,0,3,0adb6ada-6978-4d95-801f-b03289a6c12c
1450511437,1,3,c51f66c9-9de0-457a-8f5d-4188b48c3e12
1450511559,0,4,4c553588-16dc-4337-b6d2-af5cbb0bea9b
1450511711,1,0,0adb6ada-6978-4d95-801f-b03289a6c12c
1450511745,1,2,4c553588-16dc-4337-b6d2-af5cbb0bea9b
1450511796,1,4,9e577b56-47a2-4d6b-9754-baadb0472b79
1450511868,0,4,58f4c3e2-dd3e-4abc-bfe1-967e43a6d84e
1450511934,0,3,58f4c3e2-dd3e-4abc-bfe1-967e43a6d84e
1450511938,2,1,0adb6ada-6978-4d95-801f-b03289a6c12c
1450512084,1,2,a4bc67e6-9c4a-4e55-9d76-c3a19bcc225e
1450512326,2,3,58f4c3e2-dd3e-4abc-bfe1-967e43a6d84e
1450512337,0,3,c51f66c9-9de0-457a-8f5d-4188b48c3e12
1450512374,1,2,58f4c3e2-dd3e-4abc-bfe1-967e43a6d84e
1450512406,0,2,7c141314-7b8a-48b5-845d-821fcbafed53
1450512547,1,2,c51f66c9-9de0-457a-8f5d-4188b48c3e12
1450512575,0,0,58f4c3e2-dd3e-4abc-bfe1-967e43a6d84e
1450512828,2,2,426da729-1c9a-4705-ba95-81609304ab50
1450512880,0,0,0adb6ada-6978-4d95-801f-b03289a6c12c
1450512894,1,1,7fe40811-7d3b-42b9-83ff-58eee06859d9
1450513138,2,4,c51f66c9-9de0-457a-8f5d-4188b48c3e12
1450513236,2,1,a4bc67e6-9c4a-4e55-9d76-c3a19bcc225e
1450513314,0,0,a4bc67e6-9c4a-4e55-9d76-c3a19bcc225e
1450513321,1,0,c51f66c9-9de0-457a-8f5d-4188b48c3e12
1450513347,0,0,426da729-1c9a-4705-ba95-81609304ab50
1450513571,1,1,7fe40811-7d3b-42b9-83ff-58eee06859d9
1450513751,1,2,9e577b56-47a2-4d6b-9754-baadb0472b79
1450513758,1,3,7c141314-7b8a-48b5-845d-821fcbafed53
1450513778,1,4,58f4c3e2-dd3e-4abc-bfe1-967e43a6d84e
1450514083,1,3,c51f66c9-9de0-457a-8f5d-4188b48c3e12
1450514119,2,2,a4bc67e6-9c4a-4e55-9d76-c3a19bcc225e
1450514145,0,2,4c553588-16dc-4337-b6d2-af5cbb0bea9b
1450514175,0,0,58f4c3e2-dd3e-4abc-bfe1-967e43a6d84e
1450514319,2,1,a4bc67e6-9c4a-4e55-9d76-c3a19bcc225e
1450514384,0,1,0adb6ada-6978-4d95-801f-b03289a6c12c
1450514518,0,0,0adb6ada-6978-4d95-801f-b03289a6c12c
1450514524,1,4,a4bc67e6-9c4a-4e55-9d76-c3a19bcc225e
1450514599,0,2,7fe40811-7d3b-42b9-83ff-58eee06859d9
1450514631,0,2,7c141314-7b8a-48b5-845d-821fcbafed53
1450514815,0,0,6507f07f-be06-4355-9067-ab7dcba6a895
1450514884,0,1,0adb6ada-6978-4d95-801f-b03289a6c12c
1450514916,2,4,a4bc67e6-9c4a-4e55-9d76-c3a19bcc225e
1450515214,2,3,9e577b56-47a2-4d6b-9754-baadb0472b79
1450515270,1,1,0adb6ada-6978-4d95-801f-b03289a6c12c
1450515331,1,2,0adb6ada-6978-4d95-801f-b03289a6c12c
1450515425,2,3,7fe40811-7d3b-42b9-83ff-58eee06859d9
1450515443,0,0,9e577b56-47a2-4d6b-9754-baadb0472b79
1450515491,0,4,7c141314-7b8a-48b5-845d-821fcbafed53
1450515677,0,0,58f4c3e2-dd3e-4abc-bfe1-967e43a6d84e
1450515707,1,0,58f4c3e2-dd3e-4abc-bfe1-967e43a6d84e
1450515739,0,3,9e577b56-47a2-4d6b-9754-baadb0472b79
1450515750,0,2,c51f66c9-9de0-457a-8f5d-4188b48c3e12
1450515945,1,4,a4bc67e6-9c4a-4e55-9d76-c3a19bcc225e
1450515991,0,4,6507f07f-be06-4355-9067-ab7dcba6a895
1450516015,0,2,7fe40811-7d3b-42b9-83ff-58eee06859d9
1450516109,2,3,0adb6ada-6978-4d95-801f-b03289a6c12c
1450516208,1,4,58f4c3e2-dd3e-4abc-bfe1-967e43a6d84e
1450516449,0,0,9e577b56-47a2-4d6b-9754-baadb0472b79
1450516465,2,1,6507f07f-be06-4355-9067-ab7dcba6a895
1450516557,0,4,c51f66c9-9de0-457a-8f5d-4188b48c3e12
1450516574,2,4,c51f66c9-9de0-457a-8f5d-4188b48c3e12
1450516577,0,2,6507f07f-be06-4355-9067-ab7dcba6a895
1450516634,2,1,a4bc67e6-9c4a-4e55-9d76-c3a19bcc225e
1450516831,2,1,4c553588-16dc-4337-b6d2-af5cbb0bea9b
1450517054,0,4,4c553588-16dc-4337-b6d2-af5cbb0bea9b
1450517179,1,1,58f4c3e2-dd3e-4abc-bfe1-967e43a6d84e
1450517222,2,1,7fe40811-7d3b-42b9-83ff-58eee06859d9
1450517271,0,3,0adb6ada-6978-4d95-801f-b03289a6c12c
1450517338,0,4,4c553588-16dc-4337-b6d2-af5cbb0bea9b
1450517338,1,0,6507f07f-be06-4355-9067-ab7dcba6a895
1450517342,2,2,58f4c3e2-dd3e-4abc-bfe1-967e43a6d84e
1450517357,2,3,0adb6ada-6978-4d95-801f-b03289a6c12c
1450517410,0,0,426da729-1c9a-4705-ba95-81609304ab50
1450517450,2,2,6507f07f-be06-4355-9067-ab7dcba6a895
1450517461,2,2,9e577b56-47a2-4d6b-9754-baadb0472b79
1450517533,0,3,426da729-1c9a-4705-ba95-81609304ab50
1450517647,1,4,9e577b56-47a2-4d6b-9754-baadb0472b79
1450517697,0,3,7c141314-7b8a-48b5-845d-821fcbafed53
1450517904,0,0,426da729-1c9a-4705-ba95-81609304ab50
1450518010,1,2,4c553588-16dc-4337-b6d2-af5cbb0bea9b
1450518078,1,4,c51f66c9-9de0-457a-8f5d-4188b48c3e12
1450518133,0,0,6507f07f-be06-4355-9067-ab7dcba6a895
1450518225,2,3,58f4c3e2-dd3e-4abc-bfe1-967e43a6d84e
1450518455,0,3,4c553588-16dc-4337-b6d2-af5cbb0bea9b
1450518468,2,4,58f4c3e2-dd3e-4abc-bfe1-967e43a6d84e
1450518661,0,4,a4bc67e6-9c4a-4e55-9d76-c3a19bcc225e
1450518788,2,1,0adb6ada-6978-4d95-801f-b03289a6c12c
1450518860,0,3,7fe40811-7d3b-42b9-83ff-58eee06859d9
1450518945,2,3,7c141314-7b8a-48b5-845d-821fcbafed53
1450518983,2,0,7c141314-7b8a-48b5-845d-821fcbafed53
1450519066,0,1,6507f07f-be06-4355-9067-ab7dcba6a895
1450519069,0,3,4c553588-16dc-4337-b6d2-af5cbb0bea9b
1450519120,0,2,7c141314-7b8a-48b5-845d-821fcbafed53
1450519179,1,3,a4bc67e6-9c4a-4e55-9d76-c3a19bcc225e
1450519447,1,2,58f4c3e2-dd3e-4abc-bfe1-967e43a6d84e
1450519683,2,4,6507f07f-be06-4355-9067-ab7dcba6a895
1450519772,0,1,58f4c3e2-dd3e-4abc-bfe1-967e43a6d84e
1450519822,2,4,426da729-1c9a-4705-ba95-81609304ab50
1450519958,0,3,7c141314-7b8a-48b5-845d-821fcbafed53
1450520029,0,0,9e577b56-47a2-4d6b-9754-baadb0472b79
1450520043,2,3,6507f07f-be06-4355-9067-ab7dcba6a895
1450520204,1,1,c51f66c9-9de0-457a-8f5d-4188b48c3e12
1450520292,0,2,a4bc67e6-9c4a-4e55-9d76-c3a19bcc225e
1450520341,0,0,9e577b56-47a2-4d6b-9754-baadb0472b79
1450520353,0,3,7fe40811-7d3b-42b9-83ff-58eee06859d9
1450520583,1,0,58f4c3e2-dd3e-4abc-bfe1-967e43a6d84e
1450520649,1,3,7c141314-7b8a-48b5-845d-821fcbafed53
1450520674,0,3,7fe40811-7d3b-42b9-83ff-58eee06859d9
1450520819,0,0,58f4c3e2-dd3e-4abc-bfe1-967e43a6d84e
1450520831,2,1,7c141314-7b8a-48b5-845d-821fcbafed53
1450520856,2,3,c51f66c9-9de0-457a-8f5d-4188b48c3e12
1450520876,0,0,9e577b56-47a2-4d6b-9754-baadb0472b79
1450520919,1,3,a4bc67e6-9c4a-4e55-9d76-c3a19bcc225e
1450521078,2,3,a4bc67e6-9c4a-4e55-9d76-c3a19bcc225e
1450521095,2,1,9e577b56-47a2-4d6b-9754-baadb0472b79
1450521153,0,3,426da729-1c9a-4705-ba95-81609304ab50
1450521336,1,0,0adb6ada-6978-4d95-801f-b03289a6c12c
1450521380,0,0,c51f66c9-9de0-457a-8f5d-4188b48c3e12
1450521410,2,1,426da729-1c9a-4705-ba95-81609304ab50
1450521479,1,0,7c141314-7b8a-48b5-845d-821fcbafed53
1450521526,1,0,7c141314-7b8a-48b5-845d-821fcbafed53
1450521578,2,4,c51f66c9-9de0-457a-8f5d-4188b48c3e12
1450521585,1,3,9e577b56-47a2-4d6b-9754-baadb0472b79
1450521817,0,2,c51f66c9-9de0-457a-8f5d-4188b48c3e12
1450521823,0,2,6507f07f-be06-4355-9067-ab7dcba6a895
1450521902,0,3,9e577b56-47a2-4d6b-9754-baadb0472b79
1450521922,2,3,4c553588-16dc-4337-b6d2-af5cbb0bea9b
1450521958,2,0,6507f07f-be06-4355-9067-ab7dcba6a895
1450521975,2,3,426da729-1c9a-4705-ba95-81609304ab50
1450521985,0,2,0adb6ada-6978-4d95-801f-b03289a6c12c
1450522018,2,0,7fe40811-7d3b-42b9-83ff-58eee06859d9
1450522382,0,3,0adb6ada-6978-4d95-801f-b03289a6c12c
1450522476,2,1,7c141314-7b8a-48b5-845d-821fcbafed53
1450522689,0,3,7c141314-7b8a-48b5-845d-821fcbafed53
1450522734,0,4,4c553588-16dc-4337-b6d2-af5cbb0bea9b
1450522851,0,3,58f4c3e2-dd3e-4abc-bfe1-967e43a6d84e
1450522855,1,1,426da729-1c9a-4705-ba95-81609304ab50
1450522863,1,3,0adb6ada-6978-4d95-801f-b03289a6c12c
1450523048,2,2,58f4c3e2-dd3e-4abc-bfe1-967e43a6d84e
1450523068,0,1,4c553588-16dc-4337-b6d2-af5cbb0bea9b
1450523396,0,0,6507f07f-be06-4355-9067-ab7dcba6a895
1450523423,0,3,4c553588-16dc-4337-b6d2-af5cbb0bea9b
1450523437,2,3,0adb6ada-6978-4d95-801f-b03289a6c12c
1450523445,2,4,58f4c3e2-dd3e-4abc-bfe1-967e43a6d84e
1450523448,0,2,9e577b56-47a2-4d6b-9754-baadb0472b79
1450523558,0,2,7c141314-7b8a-48b5-845d-821fcbafed53
1450523602,2,1,c51f66c9-9de0-457a-8f5d-4188b48c3e12
1450523646,1,3,6507f07f-be06-4355-9067-ab7dcba6a895
1450523667,2,0,7c141314-7b8a-48b5-845d-821fcbafed53
1450523808,1,3,58f4c3e2-dd3e-4abc-bfe1-967e43a6d84e
1450523906,2,2,6507f07f-be06-4355-9067-ab7dcba6a895
1450523932,0,0,a4bc67e6-9c4a-4e55-9d76-c3a19bcc225e
1450524125,1,0,9e577b56-47a2-4d6b-9754-baadb0472b79
1450524149,2,3,c51f66c9-9de0-457a-8f5d-4188b48c3e12
1450524229,1,0,7c141314-7b8a-48b5-845d-821fcbafed53
1450524285,0,1,58f4c3e2-dd3e-4abc-bfe1-967e43a6d84e
1450524331,1,2,c51f66c9-9de0-457a-8f5d-4188b48c3e12
1450524355,2,4,4c553588-16dc-4337-b6d2-af5cbb0bea9b
1450524441,0,4,58f4c3e2-dd3e-4abc-bfe1-967e43a6d84e
1450524507,0,2,9e577b56-47a2-4d6b-9754-baadb0472b79
1450524521,1,4,0adb6ada-6978-4d95-801f-b03289a6c12c
1450524784,2,3,c51f66c9-9de0-457a-8f5d-4188b48c3e12
1450525094,0,2,9e577b56-47a2-4d6b-9754-baadb0472b79
1450525197,1,3,c51f66c9-9de0-457a-8f5d-4188b48c3e12
1450525481,2,1,9e577b56-47a2-4d6b-9754-baadb0472b79
1450525523,2,3,7fe40811-7d3b-42b9-83ff-58eee06859d9
1450525558,0,1,a4bc67e6-9c4a-4e55-9d76-c3a19bcc225e
1450525585,0,1,426da729-1c9a-4705-ba95-81609304ab50
1450525586,1,1,4c553588-16dc-4337-b6d2-af5cbb0bea9b
1450525951,2,4,0adb6ada-6978-4d95-801f-b03289a6c12c
1450526087,2,4,6507f07f-be06-4355-9067-ab7dcba6a895
1450526100,0,3,426da729-1c9a-4705-ba95-81609304ab50
1450526134,0,0,426da729-1c9a-4705-ba95-81609304ab50
1450526183,1,0,426da729-1c9a-4705-ba95-81609304ab50
1450526187,0,1,a4bc67e6-9c4a-4e55-9d76-c3a19bcc225e
1450526342,1,1,a4bc67e6-9c4a-4e55-9d76-c3a19bcc225e
1450526605,0,3,426da729-1c9a-4705-ba95-81609304ab50
1450526615,1,0,0adb6ada-6978-4d95-801f-b03289a6c12c
1450526643,1,0,0adb6ada-6978-4d95-801f-b03289a6c12c
1450526647,2,1,7c141314-7b8a-48b5-845d-821fcbafed53
1450526730,1,0,a4bc67e6-9c4a-4e55-9d76-c3a19bcc225e
1450526805,0,0,7fe40811-7d3b-42b9-83ff-58eee06859d9
1450526873,2,2,7fe40811-7d3b-42b9-83ff-58eee06859d9
1450526906,2,4,6507f07f-be06-4355-9067-ab7dcba6a895
1450527059,1,4,c51f66c9-9de0-457a-8f5d-4188b48c3e12
1450527163,1,1,4c553588-16dc-4337-b6d2-af5cbb0bea9b
1450527247,1,3,426da729-1c9a-4705-ba95-81609304ab50
1450527293,1,2,9e577b56-47a2-4d6b-9754-baadb0472b79
1450527311,1,4,9e577b56-47a2-4d6b-9754-baadb0472b79
1450527328,2,0,9e577b56-47a2-4d6b-9754-baadb0472b79
1450527492,1,3,7fe40811-7d3b-42b9-83ff-58eee06859d9
1450527503,2,2,9e577b56-47a2-4d6b-9754-baadb0472b79
1450527516,1,1,9e577b56-47a2-4d6b-9754-baadb0472b79
1450527528,2,3,9e577b56-47a2-4d6b-9754-baadb0472b79
1450527680,0,4,58f4c3e2-dd3e-4abc-bfe1-967e43a6d84e
1450528021,1,0,9e577b56-47a2-4d6b-9754-baadb0472b79
1450528082,1,4,4c553588-16dc-4337-b6d2-af5cbb0bea9b
1450528100,0,1,58f4c3e2-dd3e-4abc-bfe1-967e43a6d84e
1450528275,2,2,58f4c3e2-dd3e-4abc-bfe1-967e43a6d84e
1450528278,1,2,c51f66c9-9de0-457a-8f5d-4188b48c3e12
1450528323,0,1,7c141314-7b8a-48b5-845d-821fcbafed53
1450528439,1,3,58f4c3e2-dd3e-4abc-bfe1-967e43a6d84e
1450528467,0,1,9e577b56-47a2-4d6b-9754-baadb0472b79
1450528512,1,3,7c141314-7b8a-48b5-845d-821fcbafed53
1450528601,2,2,426da729-1c9a-4705-ba95-81609304ab50
1450528686,1,1,58f4c3e2-dd3e-4abc-bfe1-967e43a6d84e
1450528914,0,2,426da729-1c9a-4705-ba95-81609304ab50
1450528946,0,4,6507f07f-be06-4355-9067-ab7dcba6a895
1450528996,0,0,4c553588-16dc-4337-b6d2-af5cbb0bea9b
1450529164,0,3,58f4c3e2-dd3e-4abc-bfe1-967e43a6d84e
1450529346,2,2,a4bc67e6-9c4a-4e55-9d76-c3a19bcc225e
1450529373,0,2,4c553588-16dc-4337-b6d2-af5cbb0bea9b
1450529507,0,3,4c553588-16dc-4337-b6d2-af5cbb0bea9b
1450529598,2,3,9e577b56-47a2-4d6b-9754-baadb0472b79
1450529678,2,3,c51f66c9-9de0-457a-8f5d-4188b48c3e12
1450529763,1,2,58f4c3e2-dd3e-4abc-bfe1-967e43a6d84e
1450529770,1,4,6507f07f-be06-4355-9067-ab7dcba6a895
1450530150,0,3,4c553588-16dc-4337-b6d2-af5cbb0bea9b
1450530343,2,3,4c553588-16dc-4337-b6d2-af5cbb0bea9b
1450530386,0,3,6507f07f-be06-4355-9067-ab7dcba6a895
1450530405,1,3,7c141314-7b8a-48b5-845d-821fcbafed53
1450530577,2,0,9e577b56-47a2-4d6b-9754-baadb0472b79
1450530592,2,0,7c141314-7b8a-48b5-845d-821fcbafed53
1450530645,1,0,4c553588-16dc-4337-b6d2-af5cbb0bea9b
1450530740,1,3,a4bc67e6-9c4a-4e55-9d76-c3a19bcc225e
1450530766,2,2,7fe40811-7d3b-42b9-83ff-58eee06859d9
1450530833,2,0,58f4c3e2-dd3e-4abc-bfe1-967e43a6d84e
1450530940,1,2,58f4c3e2-dd3e-4abc-bfe1-967e43a6d84e
1450531030,0,0,c51f66c9-9de0-457a-8f5d-4188b48c3e12
1450531178,2,2,a4bc67e6-9c4a-4e55-9d76-c3a19bcc225e
1450531252,1,2,c51f66c9-9de0-457a-8f5d-4188b48c3e12
1450531363,2,4,58f4c3e2-dd3e-4abc-bfe1-967e43a6d84e
1450531399,2,4,a4bc67e6-9c4a-4e55-9d76-c3a19bcc225e
1450531468,2,2,7fe40811-7d3b-42b9-83ff-58eee06859d9
1450531754,0,3,9e577b56-47a2-4d6b-9754-baadb0472b79
1450531771,2,1,7c141314-7b8a-48b5-845d-821fcbafed53
1450531998,0,0,a4bc67e6-9c4a-4e55-9d76-c3a19bcc225e
1450532011,0,3,c51f66c9-9de0-457a-8f5d-4188b48c3e12
1450532067,2,1,0adb6ada-6978-4d95-801f-b03289a6c12c
1450532146,0,1,58f4c3e2-dd3e-4abc-bfe1-967e43a6d84e
1450532314,1,0,58f4c3e2-dd3e-4abc-bfe1-967e43a6d84e
1450532374,2,1,7fe40811-7d3b-42b9-83ff-58eee06859d9
1450532494,2,2,7fe40811-7d3b-42b9-83ff-58eee06859d9
1450532657,1,4,0adb6ada-6978-4d95-801f-b03289a6c12c
1450532910,0,0,426da729-1c9a-4705-ba95-81609304ab50
1450532969,0,3,4c553588-16dc-4337-b6d2-af5cbb0bea9b
1450532974,1,1,7fe40811-7d3b-42b9-83ff-58eee06859d9
1450533136,0,1,6507f07f-be06-4355-9067-ab7dcba6a895
1450533248,0,1,9e577b56-47a2-4d6b-9754-baadb0472b79
1450533333,1,4,7fe40811-7d3b-42b9-83ff-58eee06859d9
1450533378,1,4,58f4c3e2-dd3e-4abc-bfe1-967e43a6d84e
1450533380,2,0,4c553588-16dc-4337-b6d2-af5cbb0bea9b
1450533472,1,1,9e577b56-47a2-4d6b-9754-baadb0472b79
1450533613,1,4,c51f66c9-9de0-457a-8f5d-4188b48c3e12
1450533709,1,2,0adb6ada-6978-4d95-801f-b03289a6c12c
1450533770,2,3,a4bc67e6-9c4a-4e55-9d76-c3a19bcc225e
1450533825,2,2,426da729-1c9a-4705-ba95-81609304ab50
1450533906,1,1,7fe40811-7d3b-42b9-83ff-58eee06859d9
1450533942,0,2,58f4c3e2-dd3e-4abc-bfe1-967e43a6d84e
1450533982,2,4,6507f07f-be06-4355-9067-ab7dcba6a895
1450534010,0,0,0adb6ada-6978-4d95-801f-b03289a6c12c
1450534159,1,0,426da729-1c9a-4705-ba95-81609304ab50
1450534362,1,1,6507f07f-be06-4355-9067-ab7dcba6a895
1450534507,2,4,c51f66c9-9de0-457a-8f5d-4188b48c3e12
1450534534,2,1,c51f66c9-9de0-457a-8f5d-4188b48c3e12
1450534647,1,3,c51f66c9-9de0-457a-8f5d-4188b48c3e12
1450534786,1,1,9e577b56-47a2-4d6b-9754-baadb0472b79
1450534786,0,3,6507f07f-be06-4355-9067-ab7dcba6a895
1450534963,2,3,7fe40811-7d3b-42b9-83ff-58eee06859d9
1450534998,0,1,4c553588-16dc-4337-b6d2-af5cbb0bea9b
1450535212,1,0,7c141314-7b8a-48b5-845d-821fcbafed53
1450535246,1,1,58f4c3e2-dd3e-4abc-bfe1-967e43a6d84e
1450535327,0,2,a4bc67e6-9c4a-4e55-9d76-c3a19bcc225e
1450535393,2,3,6507f07f-be06-4355-9067-ab7dcba6a895
1450535422,1,2,7c141314-7b8a-48b5-845d-821fcbafed53
1450535493,0,1,c51f66c9-9de0-457a-8f5d-4188b48c3e12
1450535543,2,0,426da729-1c9a-4705-ba95-81609304ab50
1450535595,0,1,0adb6ada-6978-4d95-801f-b03289a6c12c
1450535639,2,2,c51f66c9-9de0-457a-8f5d-4188b48c3e12
1450535639,1,1,58f4c3e2-dd3e-4abc-bfe1-967e43a6d84e
1450535660,0,4,6507f07f-be06-4355-9067-ab7dcba6a895
1450535710,2,2,9e577b56-47a2-4d6b-9754-baadb0472b79
1450535987,0,1,426da729-1c9a-4705-ba95-81609304ab50
1450536038,0,1,9e577b56-47a2-4d6b-9754-baadb0472b79
1450536143,1,2,426da729-1c9a-4705-ba95-81609304ab50
1450536168,1,4,6507f07f-be06-4355-9067-ab7dcba6a895
1450536224,0,2,4c553588-16dc-4337-b6d2-af5cbb0bea9b
1450536320,1,4,9e577b56-47a2-4d6b-9754-baadb0472b79
1450536366,0,4,9e577b56-47a2-4d6b-9754-baadb0472b79
1450536384,1,2,4c553588-16dc-4337-b6d2-af5cbb0bea9b
1450536482,2,0,4c553588-16dc-4337-b6d2-af5cbb0bea9b
1450536669,2,0,426da729-1c9a-4705-ba95-81609304ab50
1450536844,1,0,9e577b56-47a2-4d6b-9754-baadb0472b79
1450537160,0,4,426da729-1c9a-4705-ba95-81609304ab50
1450537174,1,3,c51f66c9-9de0-457a-8f5d-4188b48c3e12
1450537211,1,2,9e577b56-47a2-4d6b-9754-baadb0472b79
1450537356,1,2,7fe40811-7d3b-42b9-83ff-58eee06859d9
1450537372,1,3,9e577b56-47a2-4d6b-9754-baadb0472b79
1450537472,1,1,7fe40811-7d3b-42b9-83ff-58eee06859d9
1450537639,0,4,c51f66c9-9de0-457a-8f5d-4188b48c3e12
1450537707,1,1,7c141314-7b8a-48b5-845d-821fcbafed53
1450537751,1,2,4c553588-16dc-4337-b6d2-af5cbb0bea9b
1450537873,2,0,7fe40811-7d3b-42b9-83ff-58eee06859d9
1450537933,1,2,4c553588-16dc-4337-b6d2-af5cbb0bea9b
1450537974,0,4,7c141314-7b8a-48b5-845d-821fcbafed53
1450538001,0,1,0adb6ada-6978-4d95-801f-b03289a6c12c
1450538042,1,3,9e577b56-47a2-4d6b-9754-baadb0472b79
1450538107,1,3,4c553588-16dc-4337-b6d2-af5cbb0bea9b
1450538244,2,0,9e577b56-47a2-4d6b-9754-baadb0472b79
1450538248,2,2,4c553588-16dc-4337-b6d2-af5cbb0bea9b
1450538266,0,0,7c141314-7b8a-48b5-845d-821fcbafed53
1450538351,1,3,7c141314-7b8a-48b5-845d-821fcbafed53
1450538505,0,1,7fe40811-7d3b-42b9-83ff-58eee06859d9
1450538852,2,4,58f4c3e2-dd3e-4abc-bfe1-967e43a6d84e
1450538899,0,3,0adb6ada-6978-4d95-801f-b03289a6c12c
1450539043,1,3,a4bc67e6-9c4a-4e55-9d76-c3a19bcc225e
1450539094,0,0,7c141314-7b8a-48b5-845d-821fcbafed53
1450539153,2,4,7fe40811-7d3b-42b9-83ff-58eee06859d9
1450539342,2,0,426da729-1c9a-4705-ba95-81609304ab50
1450539377,2,2,4c553588-16dc-4337-b6d2-af5cbb0bea9b
1450539385,1,4,c51f66c9-9de0-457a-8f5d-4188b48c3e12
1450539574,0,4,6507f07f-be06-4355-9067-ab7dcba6a895
1450539817,2,1,a4bc67e6-9c4a-4e55-9d76-c3a19bcc225e
1450539942,0,1,9e577b56-47a2-4d6b-9754-baadb0472b79
1450539993,1,1,6507f07f-be06-4355-9067-ab7dcba6a895
1450539995,0,1,4c553588-16dc-4337-b6d2-af5cbb0bea9b
1450540289,1,2,7fe40811-7d3b-42b9-83ff-58eee06859d9
1450540374,2,4,6507f07f-be06-4355-9067-ab7dcba6a895
1450540390,2,3,426da729-1c9a-4705-ba95-81609304ab50
1450540396,2,3,a4bc67e6-9c4a-4e55-9d76-c3a19bcc225e
1450540444,2,4,7fe40811-7d3b-42b9-83ff-58eee06859d9
1450540516,1,0,6507f07f-be06-4355-9067-ab7dcba6a895
1450540571,2,4,7c141314-7b8a-48b5-845d-821fcbafed53
1450540574,2,1,7fe40811-7d3b-42b9-83ff-58eee06859d9
1450540677,0,2,9e577b56-47a2-4d6b-9754-baadb0472b79
1450540781,2,0,426da729-1c9a-4705-ba95-81609304ab50
1450540782,1,0,a4bc67e6-9c4a-4e55-9d76-c3a19bcc225e
1450540969,2,2,9e577b56-47a2-4d6b-9754-baadb0472b79
1450541098,0,3,a4bc67e6-9c4a-4e55-9d76-c3a19bcc225e
1450541321,0,0,c51f66c9-9de0-457a-8f5d-4188b48c3e12
1450541663,2,4,a4bc67e6-9c4a-4e55-9d76-c3a19bcc225e
1450541667,2,0,4c553588-16dc-4337-b6d2-af5cbb0bea9b
1450541675,1,0,4c553588-16dc-4337-b6d2-af5cbb0bea9b
1450541760,0,2,9e577b56-47a2-4d6b-9754-baadb0472b79
1450541948,1,1,9e577b56-47a2-4d6b-9754-baadb0472b79
1450542034,1,2,7fe40811-7d3b-42b9-83ff-58eee06859d9
1450542058,0,3,4c553588-16dc-4337-b6d2-af5cbb0bea9b
1450542120,2,0,9e577b56-47a2-4d6b-9754-baadb0472b79
1450542271,0,0,6507f07f-be06-4355-9067-ab7dcba6a895
1450542284,0,3,7fe40811-7d3b-42b9-83ff-58eee06859d9
1450542322,0,1,426da729-1c9a-4705-ba95-81609304ab50
1450542406,0,1,6507f07f-be06-4355-9067-ab7dcba6a895
1450542495,2,2,4c553588-16dc-4337-b6d2-af5cbb0bea9b
1450542521,0,1,4c553588-16dc-4337-b6d2-af5cbb0bea9b
1450542552,2,4,0adb6ada-6978-4d95-801f-b03289a6c12c
1450542577,0,2,4c553588-16dc-4337-b6d2-af5cbb0bea9b
1450542749,1,4,c51f66c9-9de0-457a-8f5d-4188b48c3e12
1450542803,1,1,6507f07f-be06-4355-9067-ab7dcba6a895
1450542942,1,1,426da729-1c9a-4705-ba95-81609304ab50
1450543117,2,3,c51f66c9-9de0-457a-8f5d-4188b48c3e12
1450543249,1,2,0adb6ada-6978-4d95-801f-b03289a6c12c
1450543289,0,4,426da729-1c9a-4705-ba95-81609304ab50
1450543517,0,2,6507f07f-be06-4355-9067-ab7dcba6a895
1450543525,1,1,4c553588-16dc-4337-b6d2-af5cbb0bea9b
1450543530,0,4,426da729-1c9a-4705-ba95-81609304ab50
1450543539,1,4,58f4c3e2-dd3e-4abc-bfe1-967e43a6d84e
1450543572,2,2,c51f66c9-9de0-457a-8f5d-4188b48c3e12
1450543647,1,1,4c553588-16dc-4337-b6d2-af5cbb0bea9b
1450543665,0,1,426da729-1c9a-4705-ba95-81609304ab50
1450543674,0,1,426da729-1c9a-4705-ba95-81609304ab50
1450543945,0,1,c51f66c9-9de0-457a-8f5d-4188b48c3e12
1450543977,0,3,7c141314-7b8a-48b5-845d-821fcbafed53
1450544033,2,3,426da729-1c9a-4705-ba95-81609304ab50
1450544092,0,0,0adb6ada-6978-4d95-801f-b03289a6c12c
1450544301,1,4,426da729-1c9a-4705-ba95-81609304ab50
1450544522,2,3,6507f07f-be06-4355-9067-ab7dcba6a895
1450544523,0,0,9e577b56-47a2-4d6b-9754-baadb0472b79
1450544621,1,2,7c141314-7b8a-48b5-845d-821fcbafed53
1450544646,2,2,9e577b56-47a2-4d6b-9754-baadb0472b79
1450544660,0,3,9e577b56-47a2-4d6b-9754-baadb0472b79
1450544783,2,1,6507f07f-be06-4355-9067-ab7dcba6a895
1450544793,0,0,58f4c3e2-dd3e-4abc-bfe1-967e43a6d84e
1450544845,0,2,c51f66c9-9de0-457a-8f5d-4188b48c3e12
1450544963,1,4,7c141314-7b8a-48b5-845d-821fcbafed53
1450545255,2,2,4c553588-16dc-4337-b6d2-af5cbb0bea9b
1450545307,1,4,7fe40811-7d3b-42b9-83ff-58eee06859d9
1450545386,0,1,7fe40811-7d3b-42b9-83ff-58eee06859d9
1450545574,2,1,0adb6ada-6978-4d95-801f-b03289a6c12c
1450545694,2,3,c51f66c9-9de0-457a-8f5d-4188b48c3e12
1450545704,1,1,7fe40811-7d3b-42b9-83ff-58eee06859d9
1450545732,1,1,426da729-1c9a-4705-ba95-81609304ab50
1450545833,1,2,9e577b56-47a2-4d6b-9754-baadb0472b79
1450545842,1,0,0adb6ada-6978-4d95-801f-b03289a6c12c
1450545850,0,0,0adb6ada-6978-4d95-801f-b03289a6c12c
1450545868,2,3,7c141314-7b8a-48b5-845d-821fcbafed53
1450545960,1,1,7c141314-7b8a-48b5-845d-821fcbafed53
1450545996,0,0,426da729-1c9a-4705-ba95-81609304ab50
1450546161,2,2,7c141314-7b8a-48b5-845d-821fcbafed53
1450546400,1,4,6507f07f-be06-4355-9067-ab7dcba6a895
1450546587,2,0,0adb6ada-6978-4d95-801f-b03289a6c12c
1450546592,1,4,a4bc67e6-9c4a-4e55-9d76-c3a19bcc225e
1450546595,0,4,6507f07f-be06-4355-9067-ab7dcba6a895
1450546644,2,1,c51f66c9-9de0-457a-8f5d-4188b48c3e12
1450546687,0,4,7fe40811-7d3b-42b9-83ff-58eee06859d9
1450546701,2,2,7c141314-7b8a-48b5-845d-821fcbafed53
1450546784,2,4,9e577b56-47a2-4d6b-9754-baadb0472b79
1450546787,0,1,7fe40811-7d3b-42b9-83ff-58eee06859d9
1450546849,1,2,0adb6ada-6978-4d95-801f-b03289a6c12c
1450546981,2,2,7c141314-7b8a-48b5-845d-821fcbafed53
1450547036,2,2,6507f07f-be06-4355-9067-ab7dcba6a895
1450547051,2,0,58f4c3e2-dd3e-4abc-bfe1-967e43a6d84e
1450547142,1,3,6507f07f-be06-4355-9067-ab7dcba6a895
1450547144,1,3,c51f66c9-9de0-457a-8f5d-4188b48c3e12
1450547196,0,3,c51f66c9-9de0-457a-8f5d-4188b48c3e12
1450547269,2,1,4c553588-16dc-4337-b6d2-af5cbb0bea9b
1450547839,1,4,7fe40811-7d3b-42b9-83ff-58eee06859d9
1450547850,1,1,7c141314-7b8a-48b5-845d-821fcbafed53
1450547940,2,0,c51f66c9-9de0-457a-8f5d-4188b48c3e12
1450548002,1,1,4c553588-16dc-4337-b6d2-af5cbb0bea9b
1450548211,0,0,6507f07f-be06-4355-9067-ab7dcba6a895
1450548256,0,2,6507f07f-be06-4355-9067-ab7dcba6a895
1450548273,2,2,9e577b56-47a2-4d6b-9754-baadb0472b79
1450548413,0,1,6507f07f-be06-4355-9067-ab7dcba6a895
1450548667,1,2,4c553588-16dc-4337-b6d2-af5cbb0bea9b
1450548838,0,1,7c141314-7b8a-48b5-845d-821fcbafed53
1450549013,0,0,c51f66c9-9de0-457a-8f5d-4188b48c3e12
1450549097,2,2,4c553588-16dc-4337-b6d2-af5cbb0bea9b
1450549139,1,3,4c553588-16dc-4337-b6d2-af5cbb0bea9b
1450549158,2,4,0adb6ada-6978-4d95-801f-b03289a6c12c
1450549174,2,1,9e577b56-47a2-4d6b-9754-baadb0472b79
1450549346,2,0,c51f66c9-9de0-457a-8f5d-4188b48c3e12
1450549419,1,0,4c553588-16dc-4337-b6d2-af5cbb0bea9b
1450549569,1,1,58f4c3e2-dd3e-4abc-bfe1-967e43a6d84e
1450549576,2,3,a4bc67e6-9c4a-4e55-9d76-c3a19bcc225e
1450549581,2,0,0adb6ada-6978-4d95-801f-b03289a6c12c
1450549620,0,2,4c553588-16dc-4337-b6d2-af5cbb0bea9b
1450549725,2,4,7fe40811-7d3b-42b9-83ff-58eee06859d9
1450549768,0,3,58f4c3e2-dd3e-4abc-bfe1-967e43a6d84e
1450550019,0,3,58f4c3e2-dd3e-4abc-bfe1-967e43a6d84e
1450550125,2,1,7fe40811-7d3b-42b9-83ff-58eee06859d9
1450550138,1,0,7c141314-7b8a-48b5-845d-821fcbafed53
1450550143,1,0,7fe40811-7d3b-42b9-83ff-58eee06859d9
1450550438,0,1,a4bc67e6-9c4a-4e55-9d76-c3a19bcc225e
1450550524,0,4,a4bc67e6-9c4a-4e55-9d76-c3a19bcc225e
1450550575,2,0,4c553588-16dc-4337-b6d2-af5cbb0bea9b
1450550736,1,2,c51f66c9-9de0-457a-8f5d-4188b48c3e12
1450550772,1,0,426da729-1c9a-4705-ba95-81609304ab50
1450550888,0,2,7c141314-7b8a-48b5-845d-821fcbafed53
1450550896,0,4,0adb6ada-6978-4d95-801f-b03289a6c12c
1450550929,0,2,426da729-1c9a-4705-ba95-81609304ab50
1450550979,2,0,7fe40811-7d3b-42b9-83ff-58eee06859d9
1450550981,0,3,426da729-1c9a-4705-ba95-81609304ab50
1450550985,0,1,a4bc67e6-9c4a-4e55-9d76-c3a19bcc225e
1450551006,0,1,426da729-1c9a-4705-ba95-81609304ab50
1450551115,2,0,58f4c3e2-dd3e-4abc-bfe1-967e43a6d84e
1450551115,2,1,7c141314-7b8a-48b5-845d-821fcbafed53
1450551142,2,3,6507f07f-be06-4355-9067-ab7dcba6a895
1450551153,0,0,7fe40811-7d3b-42b9-83ff-58eee06859d9
1450551180,0,3,c51f66c9-9de0-457a-8f5d-4188b48c3e12
1450551458,2,2,58f4c3e2-dd3e-4abc-bfe1-967e43a6d84e
1450551542,0,2,9e577b56-47a2-4d6b-9754-baadb0472b79
1450551544,0,3,7c141314-7b8a-48b5-845d-821fcbafed53
1450551552,1,0,426da729-1c9a-4705-ba95-81609304ab50
1450551626,2,4,a4bc67e6-9c4a-4e55-9d76-c3a19bcc225e
1450551667,2,1,c51f66c9-9de0-457a-8f5d-4188b48c3e12
1450551674,1,0,9e577b56-47a2-4d6b-9754-baadb0472b79
1450551744,1,1,4c553588-16dc-4337-b6d2-af5cbb0bea9b
1450551752,2,0,4c553588-16dc-4337-b6d2-af5cbb0bea9b
1450551759,0,4,0adb6ada-6978-4d95-801f-b03289a6c12c
1450551840,1,0,426da729-1c9a-4705-ba95-81609304ab50
1450551962,2,3,4c553588-16dc-4337-b6d2-af5cbb0bea9b
1450552025,2,0,426da729-1c9a-4705-ba95-81609304ab50
1450552206,0,3,c51f66c9-9de0-457a-8f5d-4188b48c3e12
1450552480,0,2,0adb6ada-6978-4d95-801f-b03289a6c12c
1450552496,2,3,0adb6ada-6978-4d95-801f-b03289a6c12c
1450552655,0,4,0adb6ada-6978-4d95-801f-b03289a6c12c
1450552679,2,4,0adb6ada-6978-4d95-801f-b03289a6c12c
1450552754,0,1,c51f66c9-9de0-457a-8f5d-4188b48c3e12
1450552790,2,1,426da729-1c9a-4705-ba95-81609304ab50
1450552833,0,4,6507f07f-be06-4355-9067-ab7dcba6a895
1450553156,2,2,4c553588-16dc-4337-b6d2-af5cbb0bea9b
1450553226,2,2,0adb6ada-6978-4d95-801f-b03289a6c12c
1450553273,2,0,7c141314-7b8a-48b5-845d-821fcbafed53
1450553315,2,2,7c141314-7b8a-48b5-845d-821fcbafed53
1450553335,0,0,0adb6ada-6978-4d95-801f-b03289a6c12c
1450553365,0,4,7c141314-7b8a-48b5-845d-821fcbafed53
1450553447,1,3,9e577b56-47a2-4d6b-9754-baadb0472b79
1450553479,2,4,426da729-1c9a-4705-ba95-81609304ab50
1450553635,0,1,a4bc67e6-9c4a-4e55-9d76-c3a19bcc225e
1450553692,0,3,6507f07f-be06-4355-9067-ab7dcba6a895
1450553731,2,2,a4bc67e6-9c4a-4e55-9d76-c3a19bcc225e
1450554060,0,3,0adb6ada-6978-4d95-801f-b03289a6c12c
1450554109,1,2,426da729-1c9a-4705-ba95-81609304ab50
1450554140,0,2,a4bc67e6-9c4a-4e55-9d76-c3a19bcc225e
1450554158,0,2,9e577b56-47a2-4d6b-9754-baadb0472b79
1450554170,2,3,a4bc67e6-9c4a-4e55-9d76-c3a19bcc225e
1450554171,2,3,58f4c3e2-dd3e-4abc-bfe1-967e43a6d84e
1450554457,1,1,9e577b56-47a2-4d6b-9754-baadb0472b79
1450554497,0,1,4c553588-16dc-4337-b6d2-af5cbb0bea9b
1450554752,0,4,426da729-1c9a-4705-ba95-81609304ab50
1450554764,2,0,7c141314-7b8a-48b5-845d-821fcbafed53
1450554814,1,3,7c141314-7b8a-48b5-845d-821fcbafed53
1450554817,2,0,c51f66c9-9de0-457a-8f5d-4188b48c3e12
1450554823,1,4,7fe40811-7d3b-42b9-83ff-58eee06859d9
1450554847,0,2,9e577b56-47a2-4d6b-9754-baadb0472b79
1450554888,2,2,7c141314-7b8a-48b5-845d-821fcbafed53
1450554919,0,2,58f4c3e2-dd3e-4abc-bfe1-967e43a6d84e
1450554971,0,4,7fe40811-7d3b-42b9-83ff-58eee06859d9
1450555088,2,3,9e577b56-47a2-4d6b-9754-baadb0472b79
1450555123,0,0,a4bc67e6-9c4a-4e55-9d76-c3a19bcc225e
1450555222,1,1,426da729-1c9a-4705-ba95-81609304ab50
1450555309,1,3,4c553588-16dc-4337-b6d2-af5cbb0bea9b
1450555368,2,2,c51f66c9-9de0-457a-8f5d-4188b48c3e12
1450555374,2,2,7c141314-7b8a-48b5-845d-821fcbafed53
1450555443,1,0,58f4c3e2-dd3e-4abc-bfe1-967e43a6d84e
1450555465,1,0,c51f66c9-9de0-457a-8f5d-4188b48c3e12
1450555490,2,3,58f4c3e2-dd3e-4abc-bfe1-967e43a6d84e
1450555570,0,0,4c553588-16dc-4337-b6d2-af5cbb0bea9b
1450555687,0,4,9e577b56-47a2-4d6b-9754-baadb0472b79
1450555949,1,1,4c553588-16dc-4337-b6d2-af5cbb0bea9b
1450556174,2,3,4c553588-16dc-4337-b6d2-af5cbb0bea9b
1450556195,1,3,9e577b56-47a2-4d6b-9754-baadb0472b79
1450556246,0,4,9e577b56-47a2-4d6b-9754-baadb0472b79
1450556255,1,3,c51f66c9-9de0-457a-8f5d-4188b48c3e12
1450556508,1,2,7c141314-7b8a-48b5-845d-821fcbafed53
1450556837,1,0,9e577b56-47a2-4d6b-9754-baadb0472b79
1450556871,2,2,58f4c3e2-dd3e-4abc-bfe1-967e43a6d84e
1450556959,2,4,7fe40811-7d3b-42b9-83ff-58eee06859d9
1450556992,1,0,a4bc67e6-9c4a-4e55-9d76-c3a19bcc225e
1450557290,2,1,9e577b56-47a2-4d6b-9754-baadb0472b79
1450557446,2,0,9e577b56-47a2-4d6b-9754-baadb0472b79
1450557474,1,2,4c553588-16dc-4337-b6d2-af5cbb0bea9b
1450557527,2,1,58f4c3e2-dd3e-4abc-bfe1-967e43a6d84e
1450557533,1,1,9e577b56-47a2-4d6b-9754-baadb0472b79
1450557544,1,4,426da729-1c9a-4705-ba95-81609304ab50
1450557657,2,0,4c553588-16dc-4337-b6d2-af5cbb0bea9b
1450558025,0,1,426da729-1c9a-4705-ba95-81609304ab50
1450558052,2,0,7c141314-7b8a-48b5-845d-821fcbafed53
1450558061,0,4,426da729-1c9a-4705-ba95-81609304ab50
1450558092,2,1,0adb6ada-6978-4d95-801f-b03289a6c12c
1450558247,1,2,7fe40811-7d3b-42b9-83ff-58eee06859d9
1450558502,0,4,4c553588-16dc-4337-b6d2-af5cbb0bea9b
1450558544,0,2,58f4c3e2-dd3e-4abc-bfe1-967e43a6d84e
1450558698,2,0,9e577b56-47a2-4d6b-9754-baadb0472b79
1450558724,1,4,9e577b56-47a2-4d6b-9754-baadb0472b79
1450558733,2,4,a4bc67e6-9c4a-4e55-9d76-c3a19bcc225e
1450558885,0,1,4c553588-16dc-4337-b6d2-af5cbb0bea9b
1450558890,2,1,9e577b56-47a2-4d6b-9754-baadb0472b79
1450559188,0,0,6507f07f-be06-4355-9067-ab7dcba6a895
1450559263,0,4,58f4c3e2-dd3e-4abc-bfe1-967e43a6d84e
1450559466,0,4,4c553588-16dc-4337-b6d2-af5cbb0bea9b
1450559766,0,0,6507f07f-be06-4355-9067-ab7dcba6a895
1450559809,0,3,9e577b56-47a2-4d6b-9754-baadb0472b79
1450559820,0,2,4c553588-16dc-4337-b6d2-af5cbb0bea9b
1450559880,0,3,0adb6ada-6978-4d95-801f-b03289a6c12c
1450559920,1,3,58f4c3e2-dd3e-4abc-bfe1-967e43a6d84e
1450560022,0,3,c51f66c9-9de0-457a-8f5d-4188b48c3e12
1450560034,0,0,a4bc67e6-9c4a-4e55-9d76-c3a19bcc225e
1450560094,0,0,6507f07f-be06-4355-9067-ab7dcba6a895
1450560184,2,0,6507f07f-be06-4355-9067-ab7dcba6a895
1450560209,2,4,0adb6ada-6978-4d95-801f-b03289a6c12c
1450560310,1,3,426da729-1c9a-4705-ba95-81609304ab50
1450560393,1,2,426da729-1c9a-4705-ba95-81609304ab50
1450560495,1,3,6507f07f-be06-4355-9067-ab7dcba6a895
1450560541,1,4,426da729-1c9a-4705-ba95-81609304ab50
1450560599,0,1,6507f07f-be06-4355-9067-ab7dcba6a895
1450560603,1,1,0adb6ada-6978-4d95-801f-b03289a6c12c
1450560663,0,2,7c141314-7b8a-48b5-845d-821fcbafed53
1450560779,2,0,426da729-1c9a-4705-ba95-81609304ab50
1450560825,1,0,9e577b56-47a2-4d6b-9754-baadb0472b79
1450560889,0,1,c51f66c9-9de0-457a-8f5d-4188b48c3e12
1450560915,0,0,7fe40811-7d3b-42b9-83ff-58eee06859d9
1450560921,0,4,7fe40811-7d3b-42b9-83ff-58eee06859d9
1450560997,2,1,9e577b56-47a2-4d6b-9754-baadb0472b79
1450561067,0,3,6507f07f-be06-4355-9067-ab7dcba6a895
1450561108,2,2,9e577b56-47a2-4d6b-9754-baadb0472b79
1450561144,0,0,a4bc67e6-9c4a-4e55-9d76-c3a19bcc225e
1450561299,2,1,7fe40811-7d3b-42b9-83ff-58eee06859d9
1450561302,1,2,4c553588-16dc-4337-b6d2-af5cbb0bea9b
1450561540,2,4,0adb6ada-6978-4d95-801f-b03289a6c12c
1450561580,2,2,426da729-1c9a-4705-ba95-81609304ab50
1450561585,1,2,4c553588-16dc-4337-b6d2-af5cbb0bea9b
1450561708,1,0,c51f66c9-9de0-457a-8f5d-4188b48c3e12
1450561765,1,4,4c553588-16dc-4337-b6d2-af5cbb0bea9b
1450561829,2,1,c51f66c9-9de0-457a-8f5d-4188b48c3e12
1450561867,0,4,9e577b56-47a2-4d6b-9754-baadb0472b79
1450561893,2,3,7c141314-7b8a-48b5-845d-821fcbafed53
1450562039,1,3,426da729-1c9a-4705-ba95-81609304ab50
1450562069,0,3,a4bc67e6-9c4a-4e55-9d76-c3a19bcc225e
1450562118,0,1,9e577b56-47a2-4d6b-9754-baadb0472b79
1450562210,2,2,7c141314-7b8a-48b5-845d-821fcbafed53
1450562455,2,1,a4bc67e6-9c4a-4e55-9d76-c3a19bcc225e
1450562575,0,3,9e577b56-47a2-4d6b-9754-baadb0472b79
1450562811,0,0,4c553588-16dc-4337-b6d2-af5cbb0bea9b
1450562898,1,4,7c141314-7b8a-48b5-845d-821fcbafed53
1450562952,2,1,c51f66c9-9de0-457a-8f5d-4188b48c3e12
1450563099,0,1,c51f66c9-9de0-457a-8f5d-4188b48c3e12
1450563116,2,2,58f4c3e2-dd3e-4abc-bfe1-967e43a6d84e
1450563132,0,4,58f4c3e2-dd3e-4abc-bfe1-967e43a6d84e
1450563276,2,1,426da729-1c9a-4705-ba95-81609304ab50
1450563485,2,4,0adb6ada-6978-4d95-801f-b03289a6c12c
1450563568,0,3,7c141314-7b8a-48b5-845d-821fcbafed53
1450563751,2,1,7c141314-7b8a-48b5-845d-821fcbafed53
1450563895,0,0,4c553588-16dc-4337-b6d2-af5cbb0bea9b
1450563937,2,0,6507f07f-be06-4355-9067-ab7dcba6a895
1450563981,1,4,4c553588-16dc-4337-b6d2-af5cbb0bea9b
1450563997,1,2,0adb6ada-6978-4d95-801f-b03289a6c12c
1450564236,0,2,9e577b56-47a2-4d6b-9754-baadb0472b79
1450564302,0,3,c51f66c9-9de0-457a-8f5d-4188b48c3e12
1450564491,0,3,58f4c3e2-dd3e-4abc-bfe1-967e43a6d84e
1450564596,1,2,4c553588-16dc-4337-b6d2-af5cbb0bea9b
1450564707,1,1,9e577b56-47a2-4d6b-9754-baadb0472b79
1450564721,0,0,9e577b56-47a2-4d6b-9754-baadb0472b79
1450564731,1,0,a4bc67e6-9c4a-4e55-9d76-c3a19bcc225e
1450565120,2,4,6507f07f-be06-4355-9067-ab7dcba6a895
1450565139,0,3,0adb6ada-6978-4d95-801f-b03289a6c12c
1450565249,1,2,a4bc67e6-9c4a-4e55-9d76-c3a19bcc225e
1450565262,1,1,c51f66c9-9de0-457a-8f5d-4188b48c3e12
1450565403,2,2,a4bc67e6-9c4a-4e55-9d76-c3a19bcc225e
1450565507,0,1,426da729-1c9a-4705-ba95-81609304ab50
1450565542,1,4,4c553588-16dc-4337-b6d2-af5cbb0bea9b
1450565588,0,1,7c141314-7b8a-48b5-845d-821fcbafed53
1450565719,1,0,7fe40811-7d3b-42b9-83ff-58eee06859d9
1450565720,1,2,7c141314-7b8a-48b5-845d-821fcbafed53
1450565740,2,3,4c553588-16dc-4337-b6d2-af5cbb0bea9b
1450565757,2,0,c51f66c9-9de0-457a-8f5d-4188b48c3e12
1450565855,1,2,7c141314-7b8a-48b5-845d-821fcbafed53
1450565875,1,2,426da729-1c9a-4705-ba95-81609304ab50
1450565938,1,0,58f4c3e2-dd3e-4abc-bfe1-967e43a6d84e
1450566048,2,0,58f4c3e2-dd3e-4abc-bfe1-967e43a6d84e
1450566067,2,2,c51f66c9-9de0-457a-8f5d-4188b48c3e12
1450566111,2,3,426da729-1c9a-4705-ba95-81609304ab50
1450566127,0,1,7fe40811-7d3b-42b9-83ff-58eee06859d9
1450566147,2,1,a4bc67e6-9c4a-4e55-9d76-c3a19bcc225e
1450566287,1,3,4c553588-16dc-4337-b6d2-af5cbb0bea9b
1450566320,0,2,4c553588-16dc-4337-b6d2-af5cbb0bea9b
1450566341,2,0,6507f07f-be06-4355-9067-ab7dcba6a895
1450566345,0,0,c51f66c9-9de0-457a-8f5d-4188b48c3e12
1450566502,1,2,58f4c3e2-dd3e-4abc-bfe1-967e43a6d84e
1450566532,0,3,7c141314-7b8a-48b5-845d-821fcbafed53
1450566535,2,4,4c553588-16dc-4337-b6d2-af5cbb0bea9b
1450566635,2,1,c51f66c9-9de0-457a-8f5d-4188b48c3e12
1450566669,0,2,7fe40811-7d3b-42b9-83ff-58eee06859d9
1450566813,2,1,4c553588-16dc-4337-b6d2-af5cbb0bea9b
1450566860,0,1,a4bc67e6-9c4a-4e55-9d76-c3a19bcc225e
1450567030,1,0,426da729-1c9a-4705-ba95-81609304ab50
1450567070,1,1,426da729-1c9a-4705-ba95-81609304ab50
1450567167,1,4,426da729-1c9a-4705-ba95-81609304ab50
1450567237,2,3,58f4c3e2-dd3e-4abc-bfe1-967e43a6d84e
1450567335,0,0,a4bc67e6-9c4a-4e55-9d76-c3a19bcc225e
1450567395,1,0,426da729-1c9a-4705-ba95-81609304ab50
1450567753,1,3,7fe40811-7d3b-42b9-83ff-58eee06859d9
1450568003,1,2,0adb6ada-6978-4d95-801f-b03289a6c12c
1450568217,1,1,58f4c3e2-dd3e-4abc-bfe1-967e43a6d84e
1450568316,0,1,58f4c3e2-dd3e-4abc-bfe1-967e43a6d84e
1450568417,0,4,9e577b56-47a2-4d6b-9754-baadb0472b79
1450568474,2,0,a4bc67e6-9c4a-4e55-9d76-c3a19bcc225e
1450568594,2,2,4c553588-16dc-4337-b6d2-af5cbb0bea9b
1450568642,2,4,a4bc67e6-9c4a-4e55-9d76-c3a19bcc225e
1450568679,2,4,0adb6ada-6978-4d95-801f-b03289a6c12c
1450568680,1,1,0adb6ada-6978-4d95-801f-b03289a6c12c
1450568724,2,2,426da729-1c9a-4705-ba95-81609304ab50
1450568902,1,1,7c141314-7b8a-48b5-845d-821fcbafed53
1450569011,1,1,4c553588-16dc-4337-b6d2-af5cbb0bea9b
1450569046,2,0,7c141314-7b8a-48b5-845d-821fcbafed53
1450569138,2,4,4c553588-16dc-4337-b6d2-af5cbb0bea9b
1450569162,1,0,4c553588-16dc-4337-b6d2-af5cbb0bea9b
1450569276,1,3,c51f66c9-9de0-457a-8f5d-4188b48c3e12
1450569296,0,2,58f4c3e2-dd3e-4abc-bfe1-967e43a6d84e
1450569350,1,1,7fe40811-7d3b-42b9-83ff-58eee06859d9
1450569516,0,2,7fe40811-7d3b-42b9-83ff-58eee06859d9
1450569531,2,1,4c553588-16dc-4337-b6d2-af5cbb0bea9b
1450569552,1,2,4c553588-16dc-4337-b6d2-af5cbb0bea9b
1450569662,2,0,7fe40811-7d3b-42b9-83ff-58eee06859d9
1450569953,1,3,426da729-1c9a-4705-ba95-81609304ab50
1450570050,2,1,7c141314-7b8a-48b5-845d-821fcbafed53
1450570225,2,2,7c141314-7b8a-48b5-845d-821fcbafed53
1450570227,0,1,58f4c3e2-dd3e-4abc-bfe1-967e43a6d84e
1450570264,0,0,a4bc67e6-9c4a-4e55-9d76-c3a19bcc225e
1450570280,1,3,7fe40811-7d3b-42b9-83ff-58eee06859d9
1450570301,2,4,6507f07f-be06-4355-9067-ab7dcba6a895
1450570525,1,4,7fe40811-7d3b-42b9-83ff-58eee06859d9
1450570924,2,1,58f4c3e2-dd3e-4abc-bfe1-967e43a6d84e
1450570929,1,4,7fe40811-7d3b-42b9-83ff-58eee06859d9
1450571031,2,1,6507f07f-be06-4355-9067-ab7dcba6a895
1450571033,1,3,7c141314-7b8a-48b5-845d-821fcbafed53
1450571110,2,2,9e577b56-47a2-4d6b-9754-baadb0472b79
1450571345,2,2,426da729-1c9a-4705-ba95-81609304ab50
1450571432,1,4,4c553588-16dc-4337-b6d2-af5cbb0bea9b
1450571513,0,1,7fe40811-7d3b-42b9-83ff-58eee06859d9
1450571576,2,4,7c141314-7b8a-48b5-845d-821fcbafed53
1450571620,1,3,6507f07f-be06-4355-9067-ab7dcba6a895
1450571626,2,0,6507f07f-be06-4355-9067-ab7dcba6a895
1450571684,1,4,c51f66c9-9de0-457a-8f5d-4188b48c3e12
1450571758,1,4,426da729-1c9a-4705-ba95-81609304ab50
1450571819,2,3,a4bc67e6-9c4a-4e55-9d76-c3a19bcc225e
1450571910,1,4,58f4c3e2-dd3e-4abc-bfe1-967e43a6d84e
1450572100,2,1,9e577b56-47a2-4d6b-9754-baadb0472b79
1450572125,2,3,426da729-1c9a-4705-ba95-81609304ab50
1450572129,1,3,7fe40811-7d3b-42b9-83ff-58eee06859d9
1450572254,0,3,58f4c3e2-dd3e-4abc-bfe1-967e43a6d84e
1450572259,0,2,426da729-1c9a-4705-ba95-81609304ab50
1450572346,2,1,a4bc67e6-9c4a-4e55-9d76-c3a19bcc225e
1450572353,2,3,0adb6ada-6978-4d95-801f-b03289a6c12c
1450572442,1,4,a4bc67e6-9c4a-4e55-9d76-c3a19bcc225e
1450572488,0,0,a4bc67e6-9c4a-4e55-9d76-c3a19bcc225e
1450572536,0,0,6507f07f-be06-4355-9067-ab7dcba6a895
1450572550,2,2,c51f66c9-9de0-457a-8f5d-4188b48c3e12
1450572865,2,0,c51f66c9-9de0-457a-8f5d-4188b48c3e12
1450572893,1,2,6507f07f-be06-4355-9067-ab7dcba6a895
1450572896,2,1,7c141314-7b8a-48b5-845d-821fcbafed53
1450572923,1,4,4c553588-16dc-4337-b6d2-af5cbb0bea9b
1450573025,1,2,4c553588-16dc-4337-b6d2-af5cbb0bea9b
1450573101,1,0,7c141314-7b8a-48b5-845d-821fcbafed53
1450573213,2,3,4c553588-16dc-4337-b6d2-af5cbb0bea9b
1450573456,1,2,0adb6ada-6978-4d95-801f-b03289a6c12c
1450573557,0,2,a4bc67e6-9c4a-4e55-9d76-c3a19bcc225e
1450573755,0,3,58f4c3e2-dd3e-4abc-bfe1-967e43a6d84e
1450573836,0,1,7fe40811-7d3b-42b9-83ff-58eee06859d9
1450574035,2,0,58f4c3e2-dd3e-4abc-bfe1-967e43a6d84e
1450574048,2,2,9e577b56-47a2-4d6b-9754-baadb0472b79
1450574220,2,3,9e577b56-47a2-4d6b-9754-baadb0472b79
1450574274,1,2,c51f66c9-9de0-457a-8f5d-4188b48c3e12
1450574461,1,0,7fe40811-7d3b-42b9-83ff-58eee06859d9
1450574494,2,4,c51f66c9-9de0-457a-8f5d-4188b48c3e12
1450574575,1,2,58f4c3e2-dd3e-4abc-bfe1-967e43a6d84e
1450574611,1,3,426da729-1c9a-4705-ba95-81609304ab50
1450574672,2,4,0adb6ada-6978-4d95-801f-b03289a6c12c
1450574779,2,1,9e577b56-47a2-4d6b-9754-baadb0472b79
1450574902,0,3,a4bc67e6-9c4a-4e55-9d76-c3a19bcc225e
1450574937,2,0,9e577b56-47a2-4d6b-9754-baadb0472b79
1450574965,0,1,6507f07f-be06-4355-9067-ab7dcba6a895
1450574988,2,1,0adb6ada-6978-4d95-801f-b03289a6c12c
1450575009,2,1,9e577b56-47a2-4d6b-9754-baadb0472b79
1450575305,0,1,6507f07f-be06-4355-9067-ab7dcba6a895
1450575317,1,0,6507f07f-be06-4355-9067-ab7dcba6a895
1450575349,2,0,4c553588-16dc-4337-b6d2-af5cbb0bea9b
1450575386,2,2,c51f66c9-9de0-457a-8f5d-4188b48c3e12
1450575417,1,4,9e577b56-47a2-4d6b-9754-baadb0472b79
1450575466,1,2,6507f07f-be06-4355-9067-ab7dcba6a895
1450575612,2,3,4c553588-16dc-4337-b6d2-af5cbb0bea9b
1450575683,2,2,426da729-1c9a-4705-ba95-81609304ab50
1450575704,2,0,58f4c3e2-dd3e-4abc-bfe1-967e43a6d84e
1450575791,1,1,9e577b56-47a2-4d6b-9754-baadb0472b79
1450575840,2,1,c51f66c9-9de0-457a-8f5d-4188b48c3e12
1450575893,1,1,0adb6ada-6978-4d95-801f-b03289a6c12c
1450575990,0,2,c51f66c9-9de0-457a-8f5d-4188b48c3e12
1450576239,1,2,4c553588-16dc-4337-b6d2-af5cbb0bea9b
1450576292,0,2,9e577b56-47a2-4d6b-9754-baadb0472b79
1450576410,1,3,c51f66c9-9de0-457a-8f5d-4188b48c3e12
1450576454,1,3,9e577b56-47a2-4d6b-9754-baadb0472b79
1450576475,0,4,7fe40811-7d3b-42b9-83ff-58eee06859d9
1450576508,0,1,7fe40811-7d3b-42b9-83ff-58eee06859d9
1450576555,0,2,c51f66c9-9de0-457a-8f5d-4188b48c3e12
1450576568,0,2,9e577b56-47a2-4d6b-9754-baadb0472b79
1450576787,0,4,58f4c3e2-dd3e-4abc-bfe1-967e43a6d84e
1450576796,0,2,426da729-1c9a-4705-ba95-81609304ab50
1450576869,1,0,a4bc67e6-9c4a-4e55-9d76-c3a19bcc225e
1450576892,0,4,a4bc67e6-9c4a-4e55-9d76-c3a19bcc225e
1450576943,0,4,4c553588-16dc-4337-b6d2-af5cbb0bea9b
1450576999,0,4,0adb6ada-6978-4d95-801f-b03289a6c12c
1450577063,0,2,a4bc67e6-9c4a-4e55-9d76-c3a19bcc225e
1450577219,2,4,7c141314-7b8a-48b5-845d-821fcbafed53
1450577331,1,4,58f4c3e2-dd3e-4abc-bfe1-967e43a6d84e
1450577530,0,2,6507f07f-be06-4355-9067-ab7dcba6a895
1450577654,2,4,7fe40811-7d3b-42b9-83ff-58eee06859d9
1450577829,0,4,a4bc67e6-9c4a-4e55-9d76-c3a19bcc225e
1450577860,1,4,7c141314-7b8a-48b5-845d-821fcbafed53
1450577874,2,2,9e577b56-47a2-4d6b-9754-baadb0472b79
1450577884,1,4,7c141314-7b8a-48b5-845d-821fcbafed53
1450577903,2,2,c51f66c9-9de0-457a-8f5d-4188b48c3e12
1450577933,2,1,a4bc67e6-9c4a-4e55-9d76-c3a19bcc225e
1450577944,2,4,a4bc67e6-9c4a-4e55-9d76-c3a19bcc225e
1450578023,2,3,7c141314-7b8a-48b5-845d-821fcbafed53
1450578073,0,2,0adb6ada-6978-4d95-801f-b03289a6c12c
1450578134,2,2,7fe40811-7d3b-42b9-83ff-58eee06859d9
1450578338,2,4,6507f07f-be06-4355-9067-ab7dcba6a895
1450578410,1,4,6507f07f-be06-4355-9067-ab7dcba6a895
1450578746,1,3,7c141314-7b8a-48b5-845d-821fcbafed53
1450579232,2,3,4c553588-16dc-4337-b6d2-af5cbb0bea9b
1450579234,2,0,4c553588-16dc-4337-b6d2-af5cbb0bea9b
1450579261,1,1,426da729-1c9a-4705-ba95-81609304ab50
1450579301,1,4,9e577b56-47a2-4d6b-9754-baadb0472b79
1450579631,2,4,6507f07f-be06-4355-9067-ab7dcba6a895
1450579634,1,2,58f4c3e2-dd3e-4abc-bfe1-967e43a6d84e
1450579712,1,0,0adb6ada-6978-4d95-801f-b03289a6c12c
1450579827,1,3,426da729-1c9a-4705-ba95-81609304ab50
1450580270,0,1,0adb6ada-6978-4d95-801f-b03289a6c12c
1450580546,1,1,7fe40811-7d3b-42b9-83ff-58eee06859d9
1450580579,0,1,9e577b56-47a2-4d6b-9754-baadb0472b79
1450580614,2,3,7c141314-7b8a-48b5-845d-821fcbafed53
1450580707,0,4,7c141314-7b8a-48b5-845d-821fcbafed53
1450580731,2,0,4c553588-16dc-4337-b6d2-af5cbb0bea9b
1450580826,2,4,c51f66c9-9de0-457a-8f5d-4188b48c3e12
1450580845,1,1,7c141314-7b8a-48b5-845d-821fcbafed53
1450580874,0,2,7fe40811-7d3b-42b9-83ff-58eee06859d9
1450581056,0,1,c51f66c9-9de0-457a-8f5d-4188b48c3e12
1450581221,2,0,58f4c3e2-dd3e-4abc-bfe1-967e43a6d84e
1450581265,1,1,7c141314-7b8a-48b5-845d-821fcbafed53
1450581298,0,3,58f4c3e2-dd3e-4abc-bfe1-967e43a6d84e
1450581302,1,4,0adb6ada-6978-4d95-801f-b03289a6c12c
1450581308,2,4,a4bc67e6-9c4a-4e55-9d76-c3a19bcc225e
1450581367,2,2,a4bc67e6-9c4a-4e55-9d76-c3a19bcc225e
1450581718,2,2,9e577b56-47a2-4d6b-9754-baadb0472b79
1450581736,1,3,0adb6ada-6978-4d95-801f-b03289a6c12c
1450581821,0,0,426da729-1c9a-4705-ba95-81609304ab50
1450581863,1,0,6507f07f-be06-4355-9067-ab7dcba6a895
1450581894,0,3,58f4c3e2-dd3e-4abc-bfe1-967e43a6d84e
1450581925,2,0,a4bc67e6-9c4a-4e55-9d76-c3a19bcc225e
1450582058,1,3,9e577b56-47a2-4d6b-9754-baadb0472b79
1450582127,0,2,c51f66c9-9de0-457a-8f5d-4188b48c3e12
1450582148,1,2,c51f66c9-9de0-457a-8f5d-4188b48c3e12
1450582171,2,0,426da729-1c9a-4705-ba95-81609304ab50
1450582204,1,0,9e577b56-47a2-4d6b-9754-baadb0472b79
1450582225,0,3,6507f07f-be06-4355-9067-ab7dcba6a895
1450582355,1,1,9e577b56-47a2-4d6b-9754-baadb0472b79
1450582360,1,2,7c141314-7b8a-48b5-845d-821fcbafed53
1450582454,1,3,a4bc67e6-9c4a-4e55-9d76-c3a19bcc225e
1450582498,0,1,c51f66c9-9de0-457a-8f5d-4188b48c3e12
1450582721,0,1,4c553588-16dc-4337-b6d2-af5cbb0bea9b
1450582920,2,3,0adb6ada-6978-4d95-801f-b03289a6c12c
1450582954,0,4,4c553588-16dc-4337-b6d2-af5cbb0bea9b
1450583101,2,3,426da729-1c9a-4705-ba95-81609304ab50
1450583173,1,0,c51f66c9-9de0-457a-8f5d-4188b48c3e12
1450583348,1,4,6507f07f-be06-4355-9067-ab7dcba6a895
1450583359,0,0,a4bc67e6-9c4a-4e55-9d76-c3a19bcc225e
1450583414,1,1,426da729-1c9a-4705-ba95-81609304ab50
1450583431,2,3,9e577b56-47a2-4d6b-9754-baadb0472b79
1450583503,0,4,4c553588-16dc-4337-b6d2-af5cbb0bea9b
1450583574,1,1,6507f07f-be06-4355-9067-ab7dcba6a895
1450583669,1,1,0adb6ada-6978-4d95-801f-b03289a6c12c
1450583713,2,4,6507f07f-be06-4355-9067-ab7dcba6a895
1450583986,2,0,c51f66c9-9de0-457a-8f5d-4188b48c3e12
1450583986,2,2,58f4c3e2-dd3e-4abc-bfe1-967e43a6d84e
1450584149,2,4,7c141314-7b8a-48b5-845d-821fcbafed53
1450584324,1,1,6507f07f-be06-4355-9067-ab7dcba6a895
1450584352,0,4,c51f66c9-9de0-457a-8f5d-4188b48c3e12
1450584413,2,3,a4bc67e6-9c4a-4e55-9d76-c3a19bcc225e
1450584637,2,2,426da729-1c9a-4705-ba95-81609304ab50
1450584789,0,1,58f4c3e2-dd3e-4abc-bfe1-967e43a6d84e
1450584997,2,0,58f4c3e2-dd3e-4abc-bfe1-967e43a6d84e
1450585025,2,3,7c141314-7b8a-48b5-845d-821fcbafed53
1450585224,2,3,6507f07f-be06-4355-9067-ab7dcba6a895
1450585242,0,2,7fe40811-7d3b-42b9-83ff-58eee06859d9
1450585416,0,3,426da729-1c9a-4705-ba95-81609304ab50
1450585426,1,2,9e577b56-47a2-4d6b-9754-baadb0472b79
1450585452,2,3,6507f07f-be06-4355-9067-ab7dcba6a895
1450585483,1,3,426da729-1c9a-4705-ba95-81609304ab50
1450585657,1,2,0adb6ada-6978-4d95-801f-b03289a6c12c
1450585702,1,2,a4bc67e6-9c4a-4e55-9d76-c3a19bcc225e
1450586164,0,0,7fe40811-7d3b-42b9-83ff-58eee06859d9
1450586345,2,1,a4bc67e6-9c4a-4e55-9d76-c3a19bcc225e
1450586362,0,1,58f4c3e2-dd3e-4abc-bfe1-967e43a6d84e
1450586436,0,2,6507f07f-be06-4355-9067-ab7dcba6a895
1450586618,1,0,9e577b56-47a2-4d6b-9754-baadb0472b79
1450586679,2,4,4c553588-16dc-4337-b6d2-af5cbb0bea9b
1450586702,0,0,0adb6ada-6978-4d95-801f-b03289a6c12c
1450586752,0,4,c51f66c9-9de0-457a-8f5d-4188b48c3e12
1450586758,0,4,9e577b56-47a2-4d6b-9754-baadb0472b79
1450586769,2,1,9e577b56-47a2-4d6b-9754-baadb0472b79
1450586916,1,2,7c141314-7b8a-48b5-845d-821fcbafed53
1450587198,0,1,0adb6ada-6978-4d95-801f-b03289a6c12c
1450587212,2,1,426da729-1c9a-4705-ba95-81609304ab50
1450587213,1,3,426da729-1c9a-4705-ba95-81609304ab50
1450587229,1,0,7c141314-7b8a-48b5-845d-821fcbafed53
1450587272,0,1,58f4c3e2-dd3e-4abc-bfe1-967e43a6d84e
1450587296,2,1,58f4c3e2-dd3e-4abc-bfe1-967e43a6d84e
1450587341,0,1,58f4c3e2-dd3e-4abc-bfe1-967e43a6d84e
1450587366,2,3,4c553588-16dc-4337-b6d2-af5cbb0bea9b
1450587449,0,0,4c553588-16dc-4337-b6d2-af5cbb0bea9b
1450587462,1,2,58f4c3e2-dd3e-4abc-bfe1-967e43a6d84e
1450587523,2,2,0adb6ada-6978-4d95-801f-b03289a6c12c
1450587539,0,2,9e577b56-47a2-4d6b-9754-baadb0472b79
